index,kmeans_k4,kmeans_k5,kmeans_k6,kmeans_k7,kmeans_k8,kmeans_k9,kmeans_k10,kmeans_k11,kmeans_k12,hierarchical_k4,hierarchical_k5,hierarchical_k6,hierarchical_k7,hierarchical_k8,hierarchical_k9,hierarchical_k10,hierarchical_k11,hierarchical_k12,louvain_r0_4,louvain_r0_8,louvain_r1_2
AAACATACAACCAC-1,0,0,0,3,1,2,1,1,9,0,0,3,3,3,1,0,5,5,0,0,0
AAACATTGAGCTAC-1,3,1,3,1,3,1,9,0,0,2,2,5,5,5,5,5,2,2,1,1,1
AAACATTGATCAGC-1,0,0,0,3,1,4,3,6,3,0,0,3,3,3,1,0,5,5,0,0,0
AAACCGTGCTTCCG-1,2,3,2,4,6,7,8,9,11,1,1,0,0,0,8,8,8,3,2,2,2
AAACCGTGTATGCG-1,0,4,5,0,7,8,6,8,5,0,4,4,4,4,4,1,1,0,3,3,3
AAACGCACTGGTAC-1,0,0,0,3,1,2,3,6,3,0,0,3,3,3,1,0,4,4,0,0,0
AAACGCTGACCAGT-1,0,0,0,6,2,0,4,4,2,0,0,2,2,2,2,2,0,8,3,0,4
AAACGCTGGTTCTT-1,0,0,0,6,2,0,4,4,2,0,0,2,2,2,2,2,0,8,0,4,5
AAACGCTGTAGCCA-1,0,0,0,6,2,0,4,4,9,0,0,2,2,2,2,2,0,8,3,4,5
AAACGCTGTTTCTG-1,2,3,4,2,0,3,5,3,6,1,1,0,0,0,3,3,3,1,2,5,6
AAACTTGAAAAACG-1,3,1,3,1,3,1,9,0,0,2,2,5,5,5,5,5,2,2,1,1,1
AAACTTGATCCAGA-1,0,0,0,3,1,2,1,1,8,0,0,3,3,3,1,0,4,4,0,0,7
AAAGAGACGAGATA-1,0,0,0,3,1,2,1,1,9,0,0,3,3,3,1,0,5,5,0,0,8
AAAGAGACGCGAGA-1,2,3,4,2,0,3,7,10,1,1,1,0,0,0,3,3,3,1,2,5,6
AAAGAGACGGACTT-1,0,0,0,6,2,2,1,4,9,0,0,2,2,2,2,2,0,8,3,4,5
AAAGAGACGGCATT-1,0,0,0,3,1,2,1,1,9,0,0,3,3,3,1,0,4,4,0,0,8
AAAGCAGATATCGG-1,2,3,2,4,6,7,7,10,1,1,1,0,0,0,8,8,8,3,2,2,2
AAAGCCTGTATGCG-1,0,0,0,3,1,4,3,6,3,0,0,3,3,3,1,0,4,4,0,0,8
AAAGGCCTGTCTAG-1,3,1,3,1,3,1,9,0,0,2,2,5,5,5,5,5,2,2,1,1,1
AAAGTTTGATCACG-1,3,1,3,1,3,1,9,0,0,2,2,5,5,5,5,5,2,2,1,1,1
AAAGTTTGGGGTGA-1,3,1,3,1,3,1,9,0,0,2,2,5,5,5,5,5,2,2,1,1,1
AAAGTTTGTAGAGA-1,0,0,0,3,1,2,1,1,9,0,0,3,3,3,1,0,4,4,0,0,8
AAAGTTTGTAGCGT-1,2,3,4,2,0,3,5,3,6,1,1,0,0,0,3,3,3,1,2,5,6
AAATCAACAATGCC-1,3,1,3,1,3,1,9,0,0,2,2,5,5,5,5,5,2,2,1,1,1
AAATCAACACCAGT-1,0,0,0,3,1,2,1,1,9,0,0,3,3,3,1,0,4,4,0,0,8
AAATCAACCAGGAG-1,0,0,0,3,1,2,3,1,8,0,0,3,3,3,1,0,5,5,0,0,7
AAATCAACCCTATT-1,2,3,2,4,6,7,8,9,11,1,1,0,6,6,6,6,6,6,2,2,2
AAATCAACGGAAGC-1,0,0,0,3,1,2,1,1,8,0,0,3,3,3,1,0,4,4,0,0,7
AAATCAACTCGCAA-1,0,0,0,3,1,4,3,6,3,0,0,3,3,3,1,0,5,5,0,0,0
AAATCATGACCACA-1,2,3,2,4,6,7,8,9,11,1,1,0,6,6,6,6,6,6,2,2,2
AAATCCCTCCACAA-1,0,0,0,3,1,2,1,1,9,0,0,2,2,2,2,2,0,8,3,4,5
AAATCCCTGCTATG-1,3,1,3,1,3,1,9,0,0,2,2,5,5,5,5,5,2,2,1,1,1
AAATGTTGAACGAA-1,2,3,4,2,0,3,7,10,1,1,1,0,0,0,8,8,8,3,2,5,6
AAATGTTGCCACAA-1,0,0,0,3,1,4,3,6,3,0,0,3,3,3,1,0,4,4,0,0,4
AAATGTTGTGGCAT-1,2,3,4,2,0,3,7,10,1,1,1,0,0,0,8,8,8,3,2,5,6
AAATTCGAAGGTTC-1,0,0,0,3,1,2,1,1,9,0,0,3,3,3,1,0,4,4,0,0,8
AAATTCGAATCACG-1,2,3,4,2,0,3,5,3,6,1,1,0,0,0,8,8,8,3,2,5,6
AAATTCGAGCTGAT-1,2,3,2,4,6,7,8,9,11,1,1,0,6,6,6,6,6,6,2,2,2
AAATTCGAGGAGTG-1,0,0,0,3,1,2,1,1,8,0,0,3,3,3,1,0,4,4,0,0,7
AAATTCGATTCTCA-1,0,4,5,6,2,0,4,4,2,0,4,4,4,4,4,1,1,0,3,3,3
AAATTGACACGACT-1,0,0,0,6,2,0,4,4,2,0,0,2,2,2,2,2,0,8,3,4,5
AAATTGACTCGCTC-1,0,0,0,3,1,4,3,6,3,0,0,2,2,2,2,2,0,8,0,4,5
AACAAACTCATTTC-1,0,0,0,3,1,2,1,1,9,0,0,3,3,3,1,0,4,4,0,0,8
AACAAACTTTCGTT-1,0,0,0,3,1,2,1,1,8,0,0,3,3,3,1,0,5,5,0,0,4
AACAATACGACGAG-1,0,0,0,3,1,2,3,6,8,0,0,3,3,3,1,0,4,4,0,0,7
AACACGTGCAGAGG-1,0,0,0,3,1,4,3,6,3,0,0,3,3,3,1,0,5,5,0,0,0
AACACGTGGAAAGT-1,0,0,0,3,1,2,1,1,9,0,0,3,3,3,1,0,5,5,0,0,7
AACACGTGGAACCT-1,2,3,4,2,0,3,7,10,1,1,1,0,0,0,8,8,8,3,2,5,6
AACACGTGGCTACA-1,0,0,0,3,1,2,1,1,9,0,0,3,3,3,1,0,4,4,0,0,7
AACACGTGTACGAC-1,2,3,2,4,6,7,8,9,11,1,1,0,6,6,6,6,6,6,2,2,2
AACAGCACAAGAGT-1,2,3,4,2,0,3,5,3,6,1,1,0,0,0,3,3,3,1,2,5,6
AACATTGATGGGAG-1,2,3,2,4,6,7,8,9,11,1,1,0,6,6,6,6,6,6,2,2,2
AACCAGTGATACCG-1,2,3,2,4,6,7,8,9,11,1,1,0,0,0,8,8,8,3,2,2,2
AACCCAGATCGCTC-1,0,0,0,3,1,2,1,1,9,0,0,3,3,3,1,0,4,4,0,0,8
AACCGATGCTCCCA-1,0,0,0,3,1,4,3,6,3,0,0,3,3,3,1,0,5,5,0,0,4
AACCGATGGTCATG-1,3,1,3,1,3,1,9,0,0,2,2,5,5,5,5,5,2,2,1,1,1
AACCGATGTTCTAC-1,2,3,4,2,0,3,5,3,6,1,1,0,0,0,3,3,3,1,2,5,6
AACCGCCTAGCGTT-1,0,0,0,3,1,4,3,6,3,0,0,3,3,3,1,0,5,5,0,0,0
AACCGCCTCTACGA-1,2,3,2,4,6,7,7,10,1,1,1,0,0,0,8,8,8,3,2,2,2
AACCTACTGTGAGG-1,2,3,2,4,6,7,7,10,1,1,1,0,0,0,8,8,8,3,2,2,2
AACCTACTGTGTTG-1,0,0,0,3,1,2,1,1,8,0,0,3,3,3,1,0,4,4,0,0,0
AACCTTACGAGACG-1,0,0,0,3,1,2,1,1,9,0,0,3,3,3,1,0,4,4,0,0,8
AACCTTACGCGAGA-1,0,4,5,0,7,8,6,8,5,0,4,4,4,4,4,1,1,0,3,3,3
AACCTTACTAACGC-1,2,3,2,4,6,7,8,9,11,1,1,0,6,6,6,6,6,6,2,2,2
AACCTTTGGACGGA-1,0,0,0,3,1,2,1,1,8,0,0,3,3,3,1,0,4,4,0,0,0
AACCTTTGTACGCA-1,2,3,2,4,6,7,8,9,11,1,1,0,6,6,6,6,6,6,2,2,2
AACGCAACAAGTAG-1,0,0,0,3,1,4,3,6,3,0,0,3,3,3,1,0,5,5,0,0,0
AACGCATGACCCAA-1,0,0,0,3,1,2,3,6,3,0,0,3,3,3,1,0,5,5,0,0,7
AACGCATGCCTTCG-1,0,0,0,3,1,2,1,1,9,0,0,3,3,3,1,0,4,4,0,0,8
AACGCATGTACTTC-1,0,0,0,3,1,4,3,6,8,0,0,3,3,3,1,0,5,5,0,0,4
AACGCCCTCGGGAA-1,0,0,0,3,1,4,3,6,3,0,0,3,3,3,1,0,4,4,0,0,0
AACGCCCTCGTACA-1,0,4,5,0,7,8,6,8,5,0,4,4,4,4,4,1,1,0,3,3,3
AACGCCCTGGCATT-1,0,0,0,3,1,4,3,6,3,0,0,3,3,3,1,0,5,5,0,0,7
AACGTCGAGTATCG-1,0,4,5,0,7,8,6,8,5,0,4,4,4,4,4,1,1,0,3,3,3
AACGTGTGAAAGCA-1,0,0,0,3,1,4,3,6,3,0,0,3,3,3,1,0,5,5,0,0,4
AACGTGTGGCGGAA-1,3,1,3,1,3,1,9,0,0,2,2,5,5,5,5,5,2,2,1,1,1
AACGTGTGTCCAAG-1,0,0,0,3,1,2,1,1,9,0,0,3,3,3,1,0,4,4,0,0,8
AACGTGTGTGCTTT-1,0,0,0,3,1,4,3,6,3,0,0,3,3,3,1,0,5,5,0,0,0
AACTACCTTAGAGA-1,0,0,0,3,1,4,3,6,3,0,0,3,3,3,1,0,4,4,0,0,8
AACTCACTCAAGCT-1,2,3,4,2,0,3,7,10,1,1,1,0,0,0,8,8,8,3,2,5,6
AACTCACTTGGAGG-1,2,3,4,2,0,3,5,3,6,1,1,0,0,0,3,3,3,1,2,5,6
AACTCGGAAAGTGA-1,0,0,0,6,2,0,4,4,2,0,0,2,2,2,2,2,0,8,3,4,5
AACTCGGAAGGTCT-1,2,3,4,2,0,3,5,3,6,1,1,0,0,0,3,3,3,1,2,5,6
AACTCTTGCAGGAG-1,0,0,0,3,1,2,1,1,8,0,0,3,3,3,1,0,4,4,0,0,7
AACTGTCTCCCTTG-1,2,3,4,2,0,3,5,3,6,1,1,0,0,0,3,3,3,1,2,5,6
AACTTGCTACGCTA-1,3,1,3,1,3,1,9,0,0,2,2,5,5,5,5,5,2,2,1,1,1
AACTTGCTGGGACA-1,0,0,0,3,1,2,1,1,8,0,0,3,3,3,1,0,4,4,0,0,8
AAGAACGAGTGTTG-1,0,0,0,3,1,2,1,1,9,0,0,3,3,3,1,0,4,4,0,0,8
AAGAAGACGTAGGG-1,3,1,3,1,3,1,9,0,0,2,2,5,5,5,5,5,2,2,1,1,1
AAGACAGAAGTCTG-1,3,1,3,1,3,1,9,0,0,2,2,5,5,5,5,5,2,2,1,1,1
AAGACAGAGGATCT-1,0,0,0,3,1,2,1,1,8,0,0,3,3,3,1,0,4,4,0,0,4
AAGACAGATTACCT-1,2,3,4,2,0,3,7,10,1,1,1,0,0,0,8,8,8,3,2,5,6
AAGAGATGGGTAGG-1,3,1,3,1,3,1,9,0,0,2,2,5,5,5,5,5,2,2,1,1,1
AAGATGGAAAACAG-1,3,1,3,1,3,1,9,0,0,2,2,5,5,5,5,5,2,2,1,1,1
AAGATGGAGAACTC-1,2,3,4,2,0,3,7,10,1,1,1,0,0,0,8,8,8,3,2,5,6
AAGATGGAGATAAG-1,2,3,4,2,0,3,7,10,1,1,1,0,0,0,8,8,8,3,2,5,6
AAGATTACAACCTG-1,0,0,0,3,1,2,1,1,8,0,0,3,3,3,1,0,4,4,0,0,7
AAGATTACAGATCC-1,2,3,4,2,0,3,7,10,1,1,1,0,0,0,8,8,8,3,2,5,6
AAGATTACCCGTTC-1,2,3,4,2,0,3,7,10,1,1,1,0,0,0,3,3,3,1,2,5,6
AAGATTACCGCCTT-1,2,3,4,2,5,5,0,5,10,1,1,0,0,7,7,7,7,7,4,6,9
AAGATTACCTCAAG-1,0,4,5,0,7,8,6,8,5,0,4,4,4,4,4,1,1,0,3,3,3
AAGATTACTCCTCG-1,2,3,4,2,0,3,5,3,6,1,1,0,0,0,3,3,3,1,2,5,6
AAGCAAGAGCGAGA-1,0,0,0,3,1,4,3,6,8,0,0,3,3,3,1,0,4,4,0,0,7
AAGCAAGAGCTTAG-1,0,4,5,0,7,8,6,2,5,0,4,4,4,4,4,1,1,0,3,4,5
AAGCAAGAGGTGTT-1,0,4,5,0,7,8,6,8,5,0,4,4,4,4,4,1,1,0,3,3,3
AAGCACTGAGCAAA-1,3,1,3,1,3,1,9,0,0,2,2,5,5,5,5,5,2,2,1,1,1
AAGCACTGCATACG-1,0,0,0,6,2,0,4,4,2,0,0,2,2,2,2,2,0,8,3,4,5
AAGCACTGGTTCTT-1,3,1,3,1,3,1,9,0,0,2,2,5,5,5,5,5,2,2,1,1,1
AAGCCAACGTGTTG-1,0,0,0,3,1,2,1,1,8,0,0,3,3,3,1,0,4,4,0,0,8
AAGCCATGAACTGC-1,2,3,2,4,5,5,0,5,10,1,1,0,0,7,7,7,7,7,4,6,9
AAGCCATGACACGT-1,2,3,4,2,0,3,5,3,6,1,1,0,0,0,3,3,3,1,2,5,6
AAGCCATGCGTGAT-1,0,0,0,3,1,2,3,1,9,0,0,3,3,3,1,0,4,4,0,0,0
AAGCCATGTCTCGC-1,0,0,0,3,1,2,1,1,9,0,0,3,3,3,1,0,4,4,0,0,8
AAGCCTGACATGCA-1,0,0,0,3,1,4,3,6,3,0,0,3,3,3,1,0,4,4,0,4,5
AAGCCTGACCGAAT-1,2,3,4,2,0,3,5,3,6,1,1,0,0,0,3,3,3,1,2,5,6
AAGCGACTCCTCAC-1,2,3,2,4,6,7,8,9,11,1,1,0,6,6,6,6,6,6,2,2,2
AAGCGACTGTGTCA-1,0,0,0,3,1,2,1,1,8,0,0,3,3,3,1,0,4,4,0,0,7
AAGCGACTTACAGC-1,3,1,3,1,3,1,9,0,0,2,2,5,5,5,5,5,2,2,1,1,1
AAGCGACTTTGACG-1,2,3,2,4,6,7,8,9,11,1,1,0,6,6,6,6,6,6,2,2,2
AAGCGTACGTCTTT-1,0,0,0,3,1,2,1,1,9,0,0,3,3,3,1,0,4,4,0,0,8
AAGGCTTGCGAACT-1,0,4,5,6,2,0,4,2,2,0,0,2,2,2,2,2,0,11,3,4,5
AAGGTCACGGTTAC-1,2,3,4,2,0,3,5,3,6,1,1,0,0,0,3,3,3,1,2,5,6
AAGGTCACTGTTTC-1,3,1,3,1,3,1,9,0,0,2,2,5,5,5,5,5,2,2,1,1,1
AAGGTCACTTCCCG-1,0,0,0,6,2,0,4,4,2,0,0,2,2,2,2,2,0,8,3,4,5
AAGGTCTGACAGTC-1,0,0,0,3,1,4,3,6,3,0,0,3,3,3,1,0,5,5,0,0,4
AAGGTCTGCAGATC-1,0,0,0,3,1,2,1,1,9,0,0,3,3,3,1,0,4,4,0,0,8
AAGTAACTCTGAAC-1,2,3,4,2,0,3,5,3,6,1,1,0,0,0,8,8,8,3,2,5,6
AAGTAACTGAGATA-1,3,1,3,1,3,1,9,0,0,2,2,5,5,5,5,5,2,2,1,1,1
AAGTAGGATACAGC-1,0,4,5,0,7,8,6,8,5,0,4,4,4,4,4,1,1,0,3,3,3
AAGTATACCGAACT-1,0,0,0,3,1,2,1,1,9,0,0,3,3,3,1,0,4,4,0,0,8
AAGTCCGACTTGTT-1,0,0,0,3,1,2,1,1,9,0,0,3,3,3,1,0,4,4,0,0,7
AAGTCCGATAGAAG-1,0,0,0,3,1,2,1,1,8,0,0,3,3,3,1,0,4,4,0,0,8
AAGTCTCTAGTCGT-1,0,0,0,3,1,2,1,1,8,0,0,3,3,3,1,0,5,5,0,0,0
AAGTCTCTCGGAGA-1,0,0,0,6,2,0,4,2,2,0,0,2,2,2,2,2,0,11,3,4,5
AAGTGGCTTGGAGG-1,3,1,3,1,3,1,9,0,0,2,2,5,5,5,5,5,2,2,1,1,1
AAGTTCCTCATTCT-1,2,3,2,4,6,7,8,9,11,1,1,0,0,0,8,8,8,3,2,2,2
AAGTTCCTTCTTAC-1,0,0,0,3,1,4,3,6,8,0,0,3,3,3,1,0,5,5,0,0,0
AATAAGCTCGAATC-1,0,0,0,3,1,4,3,6,3,0,0,3,3,3,1,0,5,5,0,0,0
AATAAGCTCGTTGA-1,0,0,0,3,1,2,1,1,9,0,0,3,3,3,1,0,4,4,0,0,8
AATACCCTGGACGA-1,3,1,3,1,3,1,9,0,0,2,2,5,5,5,5,5,2,2,1,1,1
AATACCCTGGCATT-1,0,0,0,3,1,4,3,6,3,0,0,3,3,3,1,0,5,5,0,0,0
AATACTGAAAGGGC-1,0,4,5,6,2,0,4,2,2,0,0,2,2,2,2,2,0,11,3,4,5
AATACTGAATTGGC-1,0,4,5,0,7,8,6,8,5,0,4,4,4,4,4,1,1,0,3,3,3
AATAGGGAACCCTC-1,3,1,3,1,3,1,9,0,0,2,2,5,5,5,5,5,2,2,1,1,1
AATAGGGAGAATGA-1,0,0,0,6,2,0,4,2,2,0,0,2,2,2,2,2,0,11,3,4,5
AATCAAACTATCGG-1,0,0,0,6,2,0,4,4,2,0,0,2,2,2,2,2,0,8,3,4,5
AATCCGGAATGCTG-1,3,1,3,1,3,1,9,0,0,2,2,5,5,5,5,5,2,2,1,1,1
AATCCTACCGGTAT-1,0,0,0,3,1,2,1,1,9,0,0,3,3,3,1,0,4,4,0,0,7
AATCCTTGACGGGA-1,2,3,4,2,0,3,5,3,6,1,1,0,0,0,8,8,8,3,2,5,6
AATCCTTGGTGAGG-1,0,4,5,0,7,8,6,8,5,0,4,4,4,4,4,1,1,0,3,3,3
AATCGGTGGAACTC-1,0,4,5,6,2,0,4,4,2,0,0,2,2,2,2,2,0,8,3,4,5
AATCGGTGTGCTTT-1,0,0,0,3,1,4,3,6,8,0,0,3,3,3,1,0,4,4,0,0,7
AATCTAGAAAAGTG-1,0,0,0,3,1,4,3,6,3,0,0,3,3,3,1,0,5,5,0,0,7
AATCTAGAATCGGT-1,0,0,0,3,1,2,1,1,8,0,0,3,3,3,1,0,4,4,0,4,0
AATCTCACAGCCTA-1,2,3,4,2,0,3,7,10,1,1,1,0,0,0,8,8,8,3,2,5,6
AATCTCACTCTAGG-1,0,0,0,3,1,2,3,1,8,0,0,3,3,3,1,0,4,4,0,0,0
AATCTCTGAACAGA-1,0,0,0,3,1,2,1,1,9,0,0,3,3,3,1,0,4,4,0,0,8
AATCTCTGCTTTAC-1,0,4,5,0,7,8,6,8,5,0,4,4,4,4,4,1,1,0,3,3,3
AATGATACACCAAC-1,0,4,5,6,2,0,4,2,2,0,0,2,2,2,2,2,0,11,3,4,5
AATGATACGGTCAT-1,2,3,4,2,0,3,7,10,1,1,1,0,0,0,8,8,8,3,2,2,2
AATGCGTGACACCA-1,3,1,3,1,3,1,9,0,0,2,2,5,5,5,5,5,2,2,1,1,1
AATGCGTGGACGGA-1,2,3,2,2,5,5,0,5,10,1,1,0,0,7,7,7,7,7,4,6,9
AATGCGTGGCTATG-1,3,1,3,1,3,1,9,0,0,2,2,5,5,5,5,5,2,2,1,1,1
AATGGAGAATCGTG-1,2,3,4,2,0,3,5,3,6,1,1,0,0,0,3,3,3,1,2,5,6
AATGGAGATCCTTA-1,0,0,0,6,2,0,4,4,2,0,0,2,2,2,2,2,0,8,3,4,5
AATGGCTGACACCA-1,3,1,3,1,3,1,9,0,0,2,2,5,5,5,5,5,2,2,1,1,1
AATGGCTGCGTGAT-1,0,0,0,3,1,4,3,6,3,0,0,3,3,3,1,0,4,4,0,0,0
AATGGCTGTAAAGG-1,0,0,0,6,2,0,4,4,2,0,0,2,2,2,2,2,0,8,0,0,8
AATGGCTGTACTCT-1,0,0,0,6,2,0,4,4,2,0,0,2,2,2,2,2,0,11,3,4,5
AATGGCTGTGAAGA-1,0,0,0,3,1,2,3,1,8,0,0,3,3,3,1,0,4,4,0,0,4
AATGTAACGGTGGA-1,0,0,0,3,1,4,3,6,8,0,0,3,3,3,1,0,4,4,0,0,0
AATGTCCTCTTCTA-1,0,0,0,3,1,2,1,1,9,0,0,3,3,3,1,0,4,4,0,0,4
AATGTTGACAGTCA-1,0,0,0,3,1,4,3,6,3,0,0,3,3,3,1,0,5,5,0,0,7
AATGTTGAGTTGAC-1,2,3,4,2,0,3,5,10,6,1,1,0,0,0,3,3,3,1,2,5,6
AATGTTGATCTACT-1,0,0,0,3,1,4,3,6,3,0,0,3,3,3,1,0,4,4,0,0,0
AATTACGAATTCCT-1,2,3,2,4,5,5,0,5,10,1,1,0,0,7,7,7,7,7,4,6,9
AATTACGACTTCTA-1,0,0,0,3,1,2,1,1,8,0,0,3,3,3,1,0,4,4,0,0,4
AATTACGAGTGAGG-1,0,0,0,3,1,4,3,6,3,0,0,3,3,3,1,0,5,5,0,0,0
AATTACGATTGGCA-1,3,1,3,1,3,1,9,0,0,2,2,5,5,5,5,5,2,2,1,1,1
AATTCCTGCTCAGA-1,3,1,3,1,3,1,9,0,0,2,2,5,5,5,5,5,2,2,1,1,1
AATTGATGTCGCAA-1,2,3,2,4,6,7,8,9,11,1,1,0,6,6,6,6,6,6,2,2,2
AATTGTGACTTGGA-1,3,1,3,1,3,1,9,0,0,2,2,5,5,5,5,5,2,2,1,1,1
ACAAAGGAGGGTGA-1,0,0,0,3,1,2,1,1,9,0,0,3,3,3,1,0,4,4,0,0,8
ACAAATTGATTCTC-1,2,3,2,4,6,7,8,9,11,1,1,0,6,6,6,6,6,6,2,2,2
ACAAATTGCTCAGA-1,2,3,4,2,0,3,5,3,6,1,1,0,0,0,3,3,3,1,2,5,6
ACAAATTGTTGCGA-1,0,4,5,0,7,8,6,8,5,0,4,4,4,4,4,1,1,0,3,3,3
ACAACCGAGGGATG-1,0,4,5,0,7,8,6,8,5,0,4,4,4,4,4,1,1,0,3,3,3
ACAACCGAGTTACG-1,0,0,0,3,1,4,3,6,3,0,0,3,3,3,1,0,4,4,0,0,0
ACAAGAGAAGTCGT-1,2,3,4,2,0,3,7,10,1,1,1,0,0,0,8,8,8,3,2,5,6
ACAAGAGACTTATC-1,0,0,0,3,1,2,1,1,9,0,0,3,3,3,1,0,4,4,0,0,8
ACAAGAGAGTTGAC-1,3,1,3,1,3,1,9,0,0,2,2,5,5,5,5,5,2,2,1,1,1
ACAATCCTAACCGT-1,0,0,0,3,1,4,3,6,3,0,0,3,3,3,1,0,5,5,0,0,7
ACAATCCTTAGCGT-1,3,1,3,1,3,1,9,0,0,2,2,5,5,5,5,5,2,2,1,1,1
ACAATTGACTGACA-1,0,0,0,6,2,0,4,2,2,0,0,2,2,2,2,2,0,8,3,4,5
ACAATTGATGACTG-1,0,4,5,0,7,8,6,8,5,0,4,4,4,4,4,1,1,0,3,3,3
ACACAGACCATACG-1,0,0,0,6,2,0,4,2,2,0,0,2,2,2,2,2,0,11,3,4,5
ACACCAGAGGGCAA-1,0,0,0,6,2,0,4,4,2,0,0,2,2,2,2,2,0,8,3,0,4
ACACCCTGGTGTTG-1,0,4,5,0,7,8,6,8,5,0,4,4,4,4,4,1,1,0,3,3,3
ACACGAACAGTTCG-1,0,0,0,3,1,2,1,4,9,0,0,2,2,2,2,2,0,8,0,4,4
ACACGATGACGCAT-1,0,0,0,6,2,0,4,4,2,0,0,2,2,2,2,2,0,8,3,4,5
ACACGATGATGTGC-1,2,3,4,2,0,3,5,3,6,1,1,0,0,0,8,8,8,3,2,5,6
ACACGATGTCGTAG-1,0,0,0,6,2,0,4,4,2,0,0,2,2,2,2,2,0,8,3,4,5
ACACGATGTGGTCA-1,0,0,0,6,2,0,4,2,2,0,0,2,2,2,2,2,0,8,3,4,5
ACAGACACGGCATT-1,0,0,0,3,1,4,3,4,3,0,0,3,3,3,1,0,4,4,0,0,4
ACAGACACGTTGTG-1,0,0,0,3,1,4,3,6,8,0,0,3,3,3,1,0,4,4,0,0,0
ACAGCAACACCTAG-1,2,3,4,2,0,3,5,3,6,1,1,0,0,0,3,3,3,1,2,5,6
ACAGCAACCTCAAG-1,2,3,2,4,6,7,8,9,11,1,1,0,6,6,6,6,6,6,2,2,2
ACAGGTACCCCACT-1,0,0,0,3,1,2,3,1,8,0,0,3,3,3,1,0,5,5,0,0,0
ACAGGTACGCTGTA-1,0,0,0,6,2,0,4,4,2,0,0,2,2,2,2,2,0,8,3,4,5
ACAGGTACTGGTGT-1,0,4,5,0,7,8,6,8,5,0,4,4,4,4,4,1,1,0,3,3,3
ACAGTCGACCCAAA-1,0,0,0,3,1,2,1,1,9,0,0,2,2,2,2,2,0,8,0,4,0
ACAGTCGACCGATA-1,0,0,0,6,2,0,4,2,2,0,0,2,2,2,2,2,0,11,3,4,5
ACAGTGACTCACCC-1,0,0,0,6,2,0,4,4,2,0,0,3,3,3,1,0,5,5,0,4,5
ACAGTGACTCTATC-1,0,0,0,6,2,0,4,4,2,0,0,2,2,2,2,2,0,8,3,4,5
ACAGTGTGGTCACA-1,0,0,0,3,1,2,1,1,9,0,0,3,3,3,1,0,4,4,0,0,8
ACAGTGTGTTGCGA-1,2,3,4,2,0,3,5,3,6,1,1,0,0,0,3,3,3,1,2,5,6
ACATCACTCTACTT-1,2,3,4,2,0,3,7,10,1,1,1,0,0,0,8,8,8,3,2,5,6
ACATGGTGAAGCCT-1,0,0,0,3,1,4,3,6,8,0,0,3,3,3,1,0,4,4,0,0,0
ACATGGTGCAACCA-1,3,1,3,1,3,1,9,0,0,2,2,5,5,5,5,5,2,2,1,1,1
ACATGGTGCGAGTT-1,0,0,0,3,1,2,1,1,8,0,0,3,3,3,1,0,4,4,0,0,4
ACATTCTGGCATAC-1,0,0,0,3,1,4,3,6,3,0,0,3,3,3,1,0,4,4,0,0,0
ACATTCTGGGAACG-1,2,3,4,2,0,3,5,3,6,1,1,0,0,0,3,3,3,1,2,5,6
ACCAACGACATGCA-1,0,0,0,3,1,2,1,1,9,0,0,3,3,3,1,0,4,4,0,0,8
ACCACAGAAAGTAG-1,0,0,0,3,1,2,1,1,9,0,0,3,3,3,1,0,4,4,0,0,8
ACCACAGAGTTGGT-1,0,0,0,3,1,2,3,1,8,0,0,3,3,3,1,0,5,5,0,0,8
ACCACCTGTGTGCA-1,0,0,0,3,1,2,1,1,9,0,0,3,3,3,1,0,4,4,0,0,8
ACCACGCTACAGCT-1,0,0,0,3,1,4,3,6,8,0,0,3,3,3,1,0,4,4,0,0,0
ACCACGCTACCCAA-1,0,0,0,6,2,0,4,4,2,0,0,2,2,2,2,2,0,8,3,4,5
ACCACGCTGCGAGA-1,0,0,0,3,1,2,1,1,9,0,0,3,3,3,1,0,4,4,0,0,8
ACCACGCTGCTGTA-1,0,0,0,3,1,2,1,1,9,0,0,3,3,3,1,0,4,4,0,0,8
ACCAGCCTGACAGG-1,0,0,0,3,1,4,3,6,8,0,0,3,3,3,1,0,5,5,0,0,0
ACCAGTGAACGGTT-1,3,1,3,1,3,1,9,0,0,2,2,5,5,5,5,5,2,2,1,1,1
ACCAGTGAATACCG-1,2,3,2,4,6,7,8,9,11,1,1,0,6,6,6,6,6,6,2,2,2
ACCAGTGAGGGATG-1,0,0,0,3,1,2,1,1,8,0,0,3,3,3,1,0,4,4,0,4,5
ACCAGTGATGACTG-1,2,3,4,2,0,3,5,3,6,1,1,0,0,0,3,3,3,1,2,5,6
ACCATTACCTTCTA-1,0,0,0,3,1,4,3,6,3,0,0,3,3,3,1,0,5,5,0,0,0
ACCATTACGAGATA-1,0,0,0,3,1,4,3,6,3,0,0,3,3,3,1,0,5,5,0,0,0
ACCATTTGTCATTC-1,0,0,0,3,1,2,1,1,9,0,0,3,3,3,1,0,4,4,0,0,4
ACCCAAGAACTGTG-1,0,4,5,6,2,0,4,2,2,0,0,2,2,2,2,2,0,11,3,4,5
ACCCAAGAATTCCT-1,2,3,2,4,6,7,8,9,11,1,1,0,6,6,6,6,6,6,2,2,2
ACCCAAGAGGACAG-1,0,0,0,3,1,4,3,6,8,0,0,3,3,3,1,0,4,4,0,0,4
ACCCAAGATTCACT-1,3,1,3,1,3,1,9,0,0,2,2,5,5,5,5,5,2,2,1,1,1
ACCCACTGCGCCTT-1,2,3,4,2,0,3,5,3,6,1,1,0,0,0,3,3,3,1,2,5,6
ACCCACTGGACAGG-1,0,0,0,3,1,2,1,1,9,0,0,3,3,3,1,0,4,4,0,0,8
ACCCACTGGTTCAG-1,1,2,1,5,4,6,2,7,4,3,3,1,1,1,0,4,10,10,5,7,10
ACCCACTGTCGTAG-1,2,3,4,2,0,3,7,10,1,1,1,0,0,0,8,8,8,3,2,5,6
ACCCAGCTCAGAAA-1,0,0,0,3,1,2,1,1,8,0,0,3,3,3,1,0,4,4,0,0,0
ACCCAGCTGTTAGC-1,2,3,4,2,0,3,7,10,1,1,1,0,0,0,8,8,8,3,2,5,6
ACCCAGCTTGCTTT-1,0,0,0,3,1,4,3,6,8,0,0,3,3,3,1,0,4,4,0,0,0
ACCCGTTGATGACC-1,3,1,3,1,3,1,9,0,0,2,2,5,5,5,5,5,2,2,1,1,1
ACCCGTTGCTGCAA-1,0,0,0,3,1,2,1,1,8,0,0,3,3,3,1,0,5,5,0,0,0
ACCCGTTGCTTCTA-1,0,0,0,3,5,5,0,5,10,1,1,0,0,7,7,7,7,7,4,6,9
ACCCTCGACCTATT-1,0,0,0,3,1,2,1,1,9,0,0,3,3,3,1,0,5,5,0,0,8
ACCCTCGACGGTAT-1,3,1,3,1,3,1,9,0,0,2,2,5,5,5,5,5,2,2,1,1,1
ACCCTCGATAAGGA-1,2,3,2,4,0,3,7,10,1,1,1,0,0,0,8,8,8,3,2,5,6
ACCCTCGATCAAGC-1,2,3,4,2,0,3,5,3,6,1,1,0,0,0,3,3,3,1,2,5,6
ACCGTGCTACCAGT-1,0,0,0,3,1,2,3,1,8,0,0,3,3,3,1,0,4,4,0,0,4
ACCGTGCTGGAACG-1,3,1,3,1,3,1,9,0,0,2,2,5,5,5,5,5,2,2,1,1,1
ACCTATTGCTGAGT-1,3,1,3,1,3,1,9,0,0,2,2,5,5,5,5,5,2,2,1,1,1
ACCTATTGTGCCCT-1,2,3,2,4,6,7,8,9,11,1,1,0,6,6,6,6,6,6,2,2,2
ACCTCCGAGTCCTC-1,0,0,0,3,1,4,3,6,3,0,0,3,3,3,1,0,5,5,0,0,0
ACCTCCGATATGCG-1,0,0,0,3,1,2,3,6,8,0,0,3,3,3,1,0,5,5,0,0,0
ACCTCCGATGCTGA-1,0,0,0,3,1,2,1,1,9,0,0,3,3,3,1,0,4,4,0,0,8
ACCTCGTGAACCAC-1,0,0,0,6,2,0,4,4,2,0,0,2,2,2,2,2,0,8,3,4,5
ACCTGAGATATCGG-1,2,3,4,2,0,3,5,3,6,1,1,0,0,0,3,3,3,1,2,5,6
ACCTGGCTAAGTAG-1,0,4,5,0,7,8,6,8,5,0,4,4,4,4,4,1,1,0,3,3,3
ACCTTTGACTCCCA-1,2,3,4,2,0,3,7,10,1,1,1,0,0,0,8,8,8,3,2,2,2
ACCTTTGAGGAACG-1,2,3,2,4,0,3,7,10,1,1,1,0,0,0,8,8,8,3,2,5,6
ACCTTTGAGGAAGC-1,2,3,2,4,6,7,8,9,11,1,1,0,6,6,6,6,6,6,2,2,2
ACGAACACCTTGTT-1,0,4,5,0,7,8,6,2,5,0,0,2,2,2,2,2,0,11,3,4,3
ACGAACTGGCTATG-1,1,2,1,5,4,6,2,7,4,3,3,1,1,1,0,4,10,10,5,7,10
ACGAAGCTCTCCAC-1,0,0,0,3,1,2,1,1,9,0,0,3,3,3,1,0,4,4,0,0,8
ACGAAGCTCTGAGT-1,3,1,3,1,3,1,9,0,0,2,2,5,5,5,5,5,2,2,1,1,1
ACGACCCTATCTCT-1,2,3,2,4,6,7,8,9,11,1,1,0,6,6,6,6,6,6,2,2,2
ACGACCCTGATGAA-1,0,0,0,3,1,2,1,1,9,0,0,3,3,3,1,0,4,4,0,4,5
ACGACCCTTGACAC-1,3,1,3,1,3,1,9,0,0,2,2,5,5,5,5,5,2,2,1,1,1
ACGACCCTTGACCA-1,0,0,0,3,1,2,1,1,9,0,0,3,3,3,1,0,4,4,0,0,8
ACGAGGGACAGGAG-1,2,3,2,4,5,5,0,5,10,1,1,0,0,7,7,7,7,7,4,6,9
ACGAGGGACGAACT-1,0,0,0,3,1,2,1,1,8,0,0,3,3,3,1,0,4,4,0,0,8
ACGAGGGATGTAGC-1,0,0,0,3,1,4,3,6,3,0,0,3,3,3,1,0,5,5,0,0,0
ACGAGTACCCTAAG-1,3,1,3,1,3,1,9,0,0,2,2,5,5,5,5,5,2,2,1,1,1
ACGAGTACGAATCC-1,3,1,3,1,3,1,9,0,0,2,2,5,5,5,5,5,2,2,1,1,1
ACGATCGAGGACTT-1,0,0,0,6,2,0,4,4,2,0,4,4,4,4,4,1,1,0,3,3,3
ACGATCGAGTCACA-1,2,3,4,2,0,3,7,10,1,1,1,0,0,0,8,8,8,3,2,5,6
ACGATGACAATGCC-1,0,0,0,3,1,4,3,6,3,0,0,3,3,3,1,0,5,5,0,0,0
ACGATGACTGGTCA-1,0,0,0,3,1,4,3,6,3,0,0,3,3,3,1,0,5,5,0,0,0
ACGATTCTACGGGA-1,0,0,0,6,2,0,1,4,9,0,0,2,2,2,2,2,0,8,3,4,5
ACGCAATGGTTCAG-1,0,4,5,0,7,8,6,8,5,0,4,4,4,4,4,1,1,0,3,4,5
ACGCACCTGTTAGC-1,3,1,3,1,3,1,9,0,0,2,2,5,5,5,5,5,2,2,1,1,1
ACGCCACTGAACTC-1,2,0,4,2,0,2,5,3,6,1,1,0,0,0,3,3,3,1,2,5,6
ACGCCGGAAACCAC-1,2,3,4,2,0,3,7,10,1,1,1,0,0,0,8,8,8,3,2,5,6
ACGCCGGAAAGCCT-1,0,0,0,3,1,2,1,1,9,0,0,3,3,3,1,0,4,4,0,0,8
ACGCCGGAAATGCC-1,0,0,0,3,1,2,1,1,9,0,0,3,3,3,1,0,5,5,0,0,7
ACGCCTTGCTCCCA-1,2,3,2,4,6,7,8,9,11,1,1,0,6,6,6,6,6,6,2,2,2
ACGCGGTGGCGAGA-1,0,0,0,3,1,4,3,6,8,0,0,3,3,3,1,0,5,5,0,0,0
ACGCGGTGTGTGGT-1,3,1,3,1,3,1,9,0,0,2,2,5,5,5,5,5,2,2,1,1,1
ACGCGGTGTTTGCT-1,0,4,5,6,2,0,4,2,2,0,0,2,2,2,2,2,0,11,3,4,5
ACGCTCACAGTACC-1,0,0,0,3,1,2,1,1,8,0,0,3,3,3,1,0,4,4,0,0,8
ACGCTCACCCTTGC-1,0,0,0,3,1,2,1,1,8,0,0,3,3,3,1,0,4,4,0,0,0
ACGCTGCTGTTCTT-1,0,4,5,0,7,8,6,8,5,0,4,4,4,4,4,1,1,0,3,3,3
ACGGAACTCAGATC-1,0,4,5,0,7,8,6,8,5,0,4,4,4,4,4,1,1,0,3,3,3
ACGGAACTGTCGTA-1,2,3,2,4,6,7,8,9,11,1,1,0,6,6,6,6,6,6,2,2,2
ACGGAGGACTCTTA-1,2,3,4,2,0,3,7,10,1,1,1,0,0,0,8,8,8,3,2,5,6
ACGGATTGGGAGGT-1,3,1,3,1,3,1,9,0,0,2,2,5,5,5,5,5,2,2,1,1,1
ACGGATTGGTTAGC-1,0,0,0,3,1,4,3,6,3,0,0,3,3,3,1,0,5,5,0,0,0
ACGGCTCTGAGCAG-1,0,0,0,3,1,4,3,6,3,0,0,3,3,3,1,0,4,4,0,0,0
ACGGCTCTTGCACA-1,0,0,0,3,1,2,1,1,9,0,0,3,3,3,1,0,5,5,0,0,8
ACGGTAACCGCTAA-1,0,0,0,3,1,4,3,6,3,0,0,3,3,3,1,0,5,5,0,0,0
ACGGTAACCTTCGC-1,0,4,5,6,2,0,4,2,2,0,0,2,2,2,2,2,0,8,3,4,5
ACGGTAACGGTGGA-1,0,0,0,3,1,2,1,1,9,0,0,2,2,2,2,2,0,8,0,0,8
ACGGTAACTCGCAA-1,0,0,0,6,2,0,4,4,2,0,0,2,2,2,2,2,0,8,3,4,5
ACGGTATGAGTCGT-1,2,3,4,2,0,3,5,3,6,1,1,0,0,0,3,3,3,1,2,5,6
ACGGTATGGGTATC-1,3,1,3,1,3,1,9,0,0,2,2,5,5,5,5,5,2,2,1,1,1
ACGGTATGGTTGTG-1,3,1,3,1,3,1,9,0,0,2,2,5,5,5,5,5,2,2,1,1,1
ACGGTCCTAACGGG-1,0,0,0,3,1,4,3,6,3,0,0,3,3,3,1,0,5,5,0,0,0
ACGGTCCTCGGGAA-1,0,0,0,3,1,2,1,1,9,0,0,3,3,3,1,0,4,4,0,0,8
ACGTAGACAACCAC-1,0,0,0,3,1,4,3,6,3,0,0,3,3,3,1,0,4,4,0,0,0
ACGTAGACTACAGC-1,3,1,3,1,3,1,9,0,0,2,2,5,5,5,5,5,2,2,1,1,1
ACGTCAGAAACGAA-1,0,0,0,3,1,4,3,6,3,0,0,3,3,3,1,0,5,5,0,0,0
ACGTCAGAGAGCTT-1,2,3,4,2,0,3,7,10,1,1,1,0,0,0,8,8,8,3,2,5,6
ACGTCAGAGGGATG-1,0,0,0,3,1,2,1,1,9,0,0,3,3,3,1,0,4,4,0,0,7
ACGTCCTGATAAGG-1,2,3,4,2,0,3,5,3,6,1,1,0,0,0,3,3,3,1,2,5,6
ACGTCCTGTGAACC-1,2,3,2,4,6,7,7,9,1,1,1,0,0,0,8,8,8,3,2,2,2
ACGTCGCTCCTGAA-1,0,4,5,0,7,8,6,8,5,0,0,3,3,3,1,0,5,5,3,3,3
ACGTCGCTCTATTC-1,2,3,4,2,0,3,5,3,6,1,1,0,0,0,3,3,3,1,2,5,6
ACGTCGCTTCTCAT-1,3,1,3,1,3,1,9,0,0,2,2,5,5,5,5,5,2,2,1,1,1
ACGTGATGCCATGA-1,2,3,4,2,5,5,0,5,10,1,1,0,0,7,7,7,7,7,4,6,9
ACGTGATGGGTCTA-1,0,0,0,3,1,2,1,1,9,0,0,3,3,3,1,0,4,4,0,0,8
ACGTGATGTAACCG-1,2,3,2,4,6,7,8,9,11,1,1,0,6,6,6,6,6,6,2,2,2
ACGTGATGTGACAC-1,0,4,5,0,7,8,6,8,5,0,4,4,4,4,4,1,1,0,3,3,3
ACGTGCCTCCGTAA-1,0,0,0,3,1,4,3,6,3,0,0,3,3,3,1,0,4,4,0,0,7
ACGTGCCTTCTATC-1,0,0,0,6,2,0,4,2,2,0,0,2,2,2,2,2,0,11,3,4,5
ACGTTACTTTCCAT-1,0,0,0,3,1,2,1,1,8,0,0,3,3,3,1,0,5,5,0,0,8
ACGTTGGAAAAGCA-1,0,0,0,3,1,2,1,1,9,0,0,3,3,3,1,0,4,4,0,0,0
ACGTTGGAAACCTG-1,0,0,0,6,2,0,4,2,2,0,0,2,2,2,2,2,0,8,3,4,5
ACGTTGGACCGTAA-1,2,3,4,2,0,3,5,3,6,1,1,0,0,0,3,3,3,1,2,5,6
ACGTTGGAGCCAAT-1,0,4,5,0,7,8,6,8,5,0,4,4,4,4,4,1,1,0,3,3,3
ACGTTGGATATGGC-1,3,1,3,1,3,1,9,0,0,2,2,5,5,5,5,5,2,2,1,1,1
ACGTTGGATCAGGT-1,2,3,2,4,6,7,7,10,1,1,1,0,0,0,8,8,8,3,2,2,2
ACGTTTACATCAGC-1,0,0,0,3,1,2,1,1,8,0,0,3,3,3,1,0,4,4,0,4,0
ACTAAAACCCACAA-1,0,0,0,3,1,2,1,4,9,0,0,3,3,3,1,0,4,4,0,4,5
ACTAAAACTCGACA-1,2,3,4,2,0,3,5,3,6,1,1,0,0,0,3,3,3,1,2,5,6
ACTACGGAATTTCC-1,0,0,0,3,1,4,3,6,3,0,0,3,3,3,1,0,5,5,0,0,0
ACTACGGACCTATT-1,0,0,0,3,1,2,1,1,9,0,0,3,3,3,1,0,4,4,0,0,8
ACTACGGATCGCTC-1,0,0,0,3,1,4,3,6,8,0,0,3,3,3,1,0,5,5,0,0,4
ACTACTACTAAGGA-1,0,0,0,3,1,2,1,1,8,0,0,3,3,3,1,0,4,4,0,0,0
ACTAGGTGGAACCT-1,0,0,0,6,2,0,4,2,2,0,0,2,2,2,2,2,0,8,0,0,0
ACTAGGTGGAACTC-1,0,0,0,3,1,4,3,6,3,0,0,3,3,3,1,0,5,5,0,0,7
ACTATCACCTTGGA-1,0,0,0,6,2,0,4,4,2,0,0,2,2,2,2,2,0,8,3,4,5
ACTATCACTGCCAA-1,0,0,0,3,1,2,1,1,8,0,0,3,3,3,1,0,4,4,0,0,8
ACTCAGGACTGAAC-1,0,0,0,3,1,4,3,6,8,0,0,3,3,3,1,0,5,5,0,0,0
ACTCAGGATCTATC-1,3,1,3,1,3,1,9,0,0,2,2,5,5,5,5,5,2,2,1,1,1
ACTCAGGATTCGTT-1,2,3,4,2,0,3,5,3,6,1,1,0,0,0,3,3,3,1,2,5,6
ACTCCTCTCAACTG-1,0,0,0,3,1,4,3,6,3,0,0,3,3,3,1,0,5,5,0,0,0
ACTCGCACGAAAGT-1,2,3,4,2,0,3,5,3,6,1,1,0,0,0,3,3,3,1,2,5,6
ACTCGCACTACGAC-1,2,3,4,2,0,3,7,10,1,1,1,0,0,0,8,8,8,3,2,5,6
ACTCTCCTGACACT-1,0,0,0,3,1,2,1,1,9,0,0,3,3,3,1,0,4,4,0,0,8
ACTCTCCTGCATAC-1,0,0,0,3,1,4,3,6,8,0,0,3,3,3,1,0,5,5,0,0,0
ACTCTCCTGTTTGG-1,0,0,0,3,1,2,1,1,8,0,0,3,3,3,1,0,4,4,0,0,8
ACTGAGACAACCAC-1,0,0,0,6,2,0,4,4,2,0,0,2,2,2,2,2,0,8,3,4,5
ACTGAGACCCATAG-1,2,3,2,4,6,7,8,9,11,1,1,0,6,6,6,6,6,6,2,2,2
ACTGAGACGTTGGT-1,3,1,3,1,3,1,9,0,0,2,2,5,5,5,5,5,2,2,1,1,1
ACTGCCACACACGT-1,0,0,0,6,2,0,4,4,2,0,0,2,2,2,2,2,0,11,3,4,5
ACTGCCACTCCGTC-1,0,4,5,0,7,8,6,8,5,0,4,4,4,4,4,1,1,0,3,3,3
ACTGGCCTTCAGTG-1,0,4,5,0,7,8,6,8,5,0,4,4,4,4,4,1,1,0,3,3,3
ACTGTGGACGTGTA-1,0,4,5,6,2,0,4,2,2,0,0,2,2,2,2,2,0,8,3,4,5
ACTGTGGATCTAGG-1,3,1,3,1,3,1,9,0,0,2,2,5,5,5,5,5,2,2,1,1,1
ACTGTTACCCACAA-1,2,3,4,2,0,3,5,3,6,1,1,0,0,0,3,3,3,1,2,5,6
ACTGTTACTGCAGT-1,0,0,0,3,1,2,1,1,8,0,0,3,3,3,1,0,4,4,0,0,4
ACTTAAGAACCACA-1,0,0,0,3,1,2,1,1,8,0,0,3,3,3,1,0,4,4,0,0,7
ACTTAAGATTACTC-1,2,3,4,2,5,5,0,5,10,1,1,0,0,7,7,7,7,7,4,6,9
ACTTAGCTGCGTAT-1,2,3,2,4,6,7,8,9,11,1,1,0,6,6,6,6,6,6,2,2,2
ACTTAGCTGGGAGT-1,0,0,0,3,1,4,3,6,8,0,0,3,3,3,1,0,4,4,0,0,4
ACTTCAACAAGCAA-1,0,0,5,6,2,0,4,2,2,0,0,3,3,3,1,0,5,5,0,0,0
ACTTCAACGTAGGG-1,0,4,5,0,7,8,6,8,5,0,4,4,4,4,4,1,1,0,3,3,3
ACTTCCCTTTCCGC-1,0,0,0,3,1,2,1,1,8,0,0,3,3,3,1,0,4,4,0,0,8
ACTTCTGACATGCA-1,3,1,3,1,3,1,9,0,0,2,2,5,5,5,5,5,2,2,1,1,1
ACTTGACTCCACAA-1,3,1,3,1,3,1,9,0,0,2,2,5,5,5,5,5,2,2,1,1,1
ACTTGGGAGAAAGT-1,2,3,4,2,0,3,7,10,1,1,1,0,0,0,3,3,3,1,2,5,6
ACTTGGGAGGTTTG-1,0,0,0,3,1,4,3,6,3,0,0,3,3,3,1,0,5,5,0,0,0
ACTTGGGATGTGAC-1,2,3,0,3,1,2,5,3,6,1,1,0,0,0,3,3,3,1,2,5,6
ACTTGGGATTGACG-1,2,3,4,2,0,3,7,10,1,1,1,0,0,0,8,8,8,3,2,5,6
ACTTGTACCTGTCC-1,0,0,0,3,1,2,1,1,9,0,0,3,3,3,1,0,4,4,0,0,7
ACTTTGTGGAAAGT-1,0,0,0,3,1,2,1,1,9,0,0,3,3,3,1,0,4,4,0,0,8
ACTTTGTGGATAGA-1,2,3,4,2,0,3,7,10,1,1,1,0,0,0,8,8,8,3,2,5,6
AGAAACGAAAGTAG-1,3,1,3,1,3,1,9,0,0,2,2,5,5,5,5,5,2,2,1,1,1
AGAAAGTGCGCAAT-1,0,0,0,3,1,2,1,1,9,0,0,3,3,3,1,0,4,4,0,0,4
AGAAAGTGGGGATG-1,2,3,4,2,0,3,5,3,6,1,1,0,0,0,3,3,3,1,2,5,6
AGAACAGAAATGCC-1,0,4,5,0,7,8,6,8,5,0,4,4,4,4,4,1,1,0,3,3,3
AGAACAGACGACTA-1,3,1,3,1,3,1,9,0,0,2,2,5,5,5,5,5,2,2,1,1,1
AGAACAGAGACAAA-1,0,0,0,3,1,4,3,6,3,0,0,3,3,3,1,0,5,5,0,0,0
AGAACGCTTTGCTT-1,0,0,0,3,1,2,1,1,9,0,0,3,3,3,1,0,4,4,0,0,0
AGAAGATGTGACTG-1,0,0,0,3,1,4,3,6,3,0,0,3,3,3,1,0,5,5,0,0,0
AGAATGGAAGAAGT-1,0,0,0,6,2,0,4,2,2,0,0,2,2,2,2,2,0,11,3,4,5
AGAATTTGTAACCG-1,0,0,0,3,1,4,3,6,3,0,0,3,3,3,1,0,5,5,0,0,0
AGAATTTGTAGAGA-1,0,0,0,3,1,2,1,1,9,0,0,3,3,3,1,0,4,4,0,0,8
AGACACACTGTAGC-1,0,0,0,3,1,2,1,1,8,0,0,3,3,3,1,0,4,4,0,0,8
AGACACTGTCAAGC-1,2,3,4,2,0,3,5,3,6,1,1,0,0,0,3,3,3,1,2,5,6
AGACCTGAAGTAGA-1,2,3,4,2,0,3,7,10,1,1,1,0,0,0,8,8,8,3,2,5,6
AGACCTGACCAACA-1,0,0,0,3,1,4,3,6,8,0,0,3,3,3,1,0,5,5,0,0,0
AGACCTGAGGAAGC-1,0,0,0,6,2,0,4,4,2,0,0,2,2,2,2,2,0,8,3,4,5
AGACGTACAGAGGC-1,0,0,0,3,1,2,3,6,3,0,0,3,3,3,1,0,4,4,0,0,7
AGACGTACCCCTAC-1,3,1,3,1,3,1,9,0,0,2,2,5,5,5,5,5,2,2,1,1,1
AGACGTACCTCTTA-1,2,3,4,2,0,3,7,10,1,1,1,0,0,0,8,8,8,3,2,5,6
AGACGTACTCGTGA-1,2,3,2,4,6,7,8,9,11,1,1,0,6,6,6,6,6,6,2,2,2
AGACTGACCATCAG-1,0,0,0,6,2,0,4,2,2,0,0,2,2,2,2,2,0,11,3,4,5
AGACTGACCCTTTA-1,0,0,0,3,1,2,1,1,9,0,0,3,3,3,1,0,4,4,0,0,4
AGACTTCTCATGCA-1,3,1,3,1,3,1,9,0,0,2,2,5,5,5,5,5,2,2,1,1,1
AGAGATGACAGTCA-1,3,1,3,1,3,1,9,0,0,2,2,5,5,5,5,5,2,2,1,1,1
AGAGATGACTGAAC-1,0,0,0,3,1,2,1,1,9,0,0,3,3,3,1,0,4,4,0,0,7
AGAGATGAGGTTTG-1,2,3,4,2,0,3,7,10,1,1,1,0,0,0,8,8,8,3,2,5,6
AGAGATGATCTCGC-1,3,1,3,1,3,1,9,0,0,2,2,5,5,5,5,5,2,2,1,1,1
AGAGATGATTGTGG-1,0,0,0,3,1,4,3,6,8,0,0,3,3,3,1,0,4,4,0,0,7
AGAGCGGAGGCAAG-1,2,3,2,4,6,7,7,10,1,1,1,0,0,0,8,8,8,3,2,2,2
AGAGTCTGGTCGTA-1,2,3,2,4,6,7,8,9,11,1,1,0,6,6,6,6,6,6,2,2,2
AGAGTGCTCAGCTA-1,0,0,0,3,1,2,1,1,9,0,0,3,3,3,1,0,4,4,0,0,8
AGAGTGCTCGAATC-1,0,0,0,3,1,2,3,6,8,0,0,3,3,3,1,0,4,4,0,0,0
AGAGTGCTGTCATG-1,0,0,0,3,1,2,3,1,9,0,0,3,3,3,1,0,4,4,0,0,0
AGAGTGCTGTCCTC-1,0,0,0,6,2,0,4,4,2,0,0,2,2,2,2,2,0,8,3,4,5
AGAGTGCTGTGTTG-1,3,1,3,1,3,1,9,0,0,2,2,5,5,5,5,5,2,2,1,1,1
AGATATACCCGTAA-1,0,4,5,0,7,8,6,8,5,0,4,4,4,4,4,1,1,0,3,3,3
AGATATACGATGAA-1,0,0,0,3,1,4,3,6,3,0,0,3,3,3,1,0,4,4,0,0,7
AGATATACTGTTCT-1,3,1,3,1,3,1,9,0,0,2,2,5,5,5,5,5,2,2,1,1,1
AGATATTGCCTACC-1,0,0,0,6,2,0,4,2,2,0,0,2,2,2,2,2,0,8,3,4,5
AGATATTGGCCAAT-1,2,3,4,2,0,3,7,10,1,1,1,0,0,0,8,8,8,3,2,5,6
AGATCGTGTCTGGA-1,2,3,4,2,0,3,7,10,1,1,1,0,0,0,8,8,8,3,2,5,6
AGATCGTGTTTGTC-1,3,1,3,1,3,1,9,0,0,2,2,5,5,5,5,5,2,2,1,1,1
AGATCTCTATCACG-1,3,1,3,1,3,1,9,0,0,2,2,5,5,5,5,5,2,2,1,1,1
AGATTAACGTTCTT-1,2,3,2,4,6,7,8,9,11,1,1,0,0,0,8,8,8,3,2,2,2
AGATTCCTATCGTG-1,0,0,0,3,1,4,3,6,8,0,0,3,3,3,1,0,4,4,0,0,4
AGATTCCTCACTTT-1,2,3,4,2,0,3,5,3,6,1,1,0,0,0,3,3,3,1,2,5,6
AGATTCCTGACGAG-1,2,3,4,2,0,3,5,10,6,1,1,0,0,0,3,3,3,1,2,5,6
AGATTCCTGTTCAG-1,0,4,5,0,7,8,6,8,5,0,4,4,4,4,4,1,1,0,3,3,3
AGCAAAGATATGCG-1,0,0,0,3,1,2,3,1,8,0,0,3,3,3,1,0,4,4,0,0,4
AGCACAACAGTCTG-1,0,0,0,3,1,2,1,1,9,0,0,3,3,3,1,0,4,4,0,0,7
AGCACTGAGGGAGT-1,0,0,0,3,1,4,3,6,8,0,0,3,3,3,1,0,4,4,0,0,0
AGCACTGATATGCG-1,0,0,0,3,1,4,3,6,3,0,0,3,3,3,1,0,5,5,0,0,0
AGCACTGATGCTTT-1,2,3,2,4,5,5,0,5,10,1,1,0,0,7,7,7,7,7,4,6,9
AGCACTGATTGCGA-1,0,0,0,3,1,2,1,1,9,0,0,3,3,3,1,0,4,4,0,0,7
AGCATCGAAGATCC-1,0,0,0,3,1,4,3,6,3,0,0,3,3,3,1,0,5,5,0,0,7
AGCATCGAAGGGTG-1,3,1,3,1,3,1,9,0,0,2,2,5,5,5,5,5,2,2,1,1,1
AGCATCGAGCTTCC-1,2,3,4,2,0,3,7,10,1,1,1,0,0,0,8,8,8,3,2,5,6
AGCATCGAGTGAGG-1,0,0,0,3,1,4,3,6,3,0,0,3,3,3,1,0,5,5,0,0,0
AGCATCGATAACCG-1,2,3,4,2,0,3,7,10,1,1,1,0,0,0,8,8,8,3,2,5,6
AGCATGACGATGAA-1,0,0,0,6,2,0,4,4,2,0,0,2,2,2,2,2,0,8,3,4,5
AGCCAATGGGGAGT-1,2,3,2,4,6,7,8,9,11,1,1,0,6,6,6,6,6,6,2,2,2
AGCCAATGTATCTC-1,0,0,0,3,1,2,1,1,8,0,0,3,3,3,1,0,4,4,0,0,4
AGCCACCTGGATCT-1,0,0,0,6,2,0,4,2,2,0,0,2,2,2,2,2,0,11,3,4,5
AGCCGGTGCCAATG-1,0,0,0,3,1,4,3,6,3,0,0,3,3,3,1,0,5,5,0,0,0
AGCCGGTGTGTTTC-1,0,0,0,3,1,2,1,1,9,0,0,3,3,3,1,0,4,4,0,0,8
AGCCGTCTCAATCG-1,0,0,0,3,1,2,1,1,8,0,0,3,3,3,1,0,4,4,0,0,8
AGCCGTCTGAGAGC-1,0,0,0,3,1,4,3,6,3,0,0,3,3,3,1,0,5,5,0,0,4
AGCCTCACGTTCGA-1,0,0,0,3,1,2,1,1,9,0,0,3,3,3,1,0,4,4,0,0,0
AGCCTCACTGTCAG-1,2,3,2,4,6,7,8,9,11,1,1,0,0,0,8,8,8,3,2,2,2
AGCCTCTGCAGTTG-1,3,1,3,1,3,1,9,0,0,2,2,5,5,5,5,5,2,2,1,1,1
AGCCTCTGCCAATG-1,0,4,5,0,7,8,6,8,5,0,4,4,4,4,4,1,1,0,3,3,3
AGCGAACTGGATCT-1,0,0,0,3,1,2,1,1,9,0,0,3,3,3,1,0,5,5,0,0,8
AGCGAACTTACTGG-1,0,0,0,3,1,4,3,6,3,0,0,3,3,3,1,0,5,5,0,0,0
AGCGATACGGAGCA-1,0,0,0,3,1,2,1,1,9,0,0,3,3,3,1,0,4,4,0,0,8
AGCGATTGAGATCC-1,0,4,5,0,7,8,6,8,5,0,4,4,4,4,4,1,1,0,3,3,3
AGCGCCGAATCTCT-1,0,0,0,3,1,2,1,1,9,0,0,3,3,3,1,0,4,4,0,0,8
AGCGCCGACAGAGG-1,0,0,0,3,1,4,3,6,3,0,0,3,3,3,1,0,5,5,0,0,0
AGCGCTCTACCTTT-1,0,0,0,3,1,2,1,1,9,0,0,3,3,3,1,0,4,4,0,0,8
AGCGGCACCGGGAA-1,0,0,0,3,1,2,1,1,9,0,0,3,3,3,1,0,4,4,0,0,8
AGCGGCTGATGTGC-1,0,0,0,3,1,2,1,1,9,0,0,3,3,3,1,0,4,4,0,0,0
AGCGGGCTTGCCAA-1,0,0,0,3,1,2,1,1,9,0,0,3,3,3,1,0,4,4,0,0,4
AGCGTAACATGCTG-1,0,0,0,3,1,4,3,6,3,0,0,3,3,3,1,0,5,5,0,0,7
AGCGTAACTGAGAA-1,2,3,2,4,6,7,7,10,1,1,1,0,0,0,8,8,8,3,2,2,2
AGCTCGCTACTGGT-1,0,0,0,3,1,2,1,1,8,0,0,3,3,3,1,0,4,4,0,0,8
AGCTCGCTCTGCTC-1,0,0,0,3,1,2,3,1,8,0,0,3,3,3,1,0,5,5,0,0,0
AGCTGAACCATACG-1,2,3,2,4,6,7,8,9,11,1,1,0,6,6,6,6,6,6,2,2,2
AGCTGAACCTCTCG-1,0,0,0,3,1,4,3,6,3,0,0,3,3,3,1,0,5,5,0,0,4
AGCTGCCTTGGGAG-1,2,3,4,2,0,3,5,3,6,1,1,0,0,0,3,3,3,1,2,5,6
AGCTGCCTTTCATC-1,0,0,0,3,1,4,3,6,3,0,0,3,3,3,1,0,5,5,0,0,0
AGCTGCCTTTCTGT-1,0,0,0,3,1,2,1,1,9,0,0,3,3,3,1,0,4,4,0,0,8
AGCTGTGATCCAAG-1,0,0,0,3,1,2,1,1,8,0,0,3,3,3,1,0,4,4,0,0,0
AGCTTTACAAGTAG-1,0,0,0,3,1,2,1,1,9,0,0,3,3,3,1,0,4,4,0,0,8
AGCTTTACACCAAC-1,0,0,0,6,2,0,4,4,2,0,0,2,2,2,2,2,0,11,3,4,5
AGCTTTACTCTCAT-1,3,1,3,1,3,1,9,0,0,2,2,5,5,5,5,5,2,2,1,1,1
AGGAAATGAGGAGC-1,0,0,0,3,1,4,3,6,3,0,0,3,3,3,1,0,4,4,0,4,8
AGGAACCTCTTAGG-1,2,3,2,4,6,7,8,9,11,1,1,0,6,6,6,6,6,6,2,2,2
AGGAACCTTGCCTC-1,0,0,0,6,2,0,4,4,2,0,0,2,2,2,2,2,0,8,3,4,5
AGGAATGATAACGC-1,0,0,0,3,1,4,3,6,8,0,0,3,3,3,1,0,5,5,0,0,0
AGGAATGATTTGTC-1,0,0,0,3,1,4,3,6,3,0,0,3,3,3,1,0,5,5,0,0,7
AGGAGTCTGGTTTG-1,0,0,0,3,1,2,1,1,8,0,0,3,3,3,1,0,4,4,0,0,0
AGGAGTCTTGTCAG-1,0,0,0,3,1,2,1,1,8,0,0,3,3,3,1,0,4,4,0,0,8
AGGATAGACATTTC-1,0,0,0,3,1,4,3,6,3,0,0,3,3,3,1,0,4,4,0,0,0
AGGATAGAGGATTC-1,0,4,5,6,2,0,4,2,2,0,0,2,2,2,2,2,0,11,3,4,5
AGGATGCTACTAGC-1,3,1,3,1,3,1,9,0,0,2,2,5,5,5,5,5,2,2,1,1,1
AGGATGCTTTAGGC-1,0,4,5,0,7,8,6,8,5,0,4,4,4,4,4,1,1,0,3,3,3
AGGCAACTGAAGGC-1,0,0,0,3,1,2,1,1,9,0,0,2,2,2,2,2,0,8,0,0,8
AGGCAGGAGTACCA-1,0,0,0,6,2,0,4,4,2,0,0,2,2,2,2,2,0,8,3,4,5
AGGCCTCTAGTCGT-1,0,0,0,3,1,2,1,1,8,0,0,3,3,3,1,0,4,4,0,0,8
AGGCCTCTCGGAGA-1,0,0,0,3,1,4,3,6,3,0,0,3,3,3,1,0,5,5,0,0,0
AGGCCTCTCGTAAC-1,0,0,0,3,1,2,1,1,9,0,0,3,3,3,1,0,4,4,0,0,8
AGGGACGACGTTGA-1,0,0,0,3,1,2,1,1,9,0,0,3,3,3,1,0,4,4,0,0,8
AGGGACGAGTCAAC-1,0,4,5,0,7,8,6,8,5,0,4,4,4,4,4,1,1,0,3,3,3
AGGGACGAGTTGTG-1,0,0,0,3,1,2,1,1,8,0,0,3,3,3,1,0,4,4,0,0,7
AGGGACGATAGAGA-1,0,0,0,6,2,0,4,4,2,0,0,2,2,2,2,2,0,8,3,4,5
AGGGACGATGCATG-1,0,0,0,6,2,0,4,4,2,0,0,2,2,2,2,2,0,11,3,4,5
AGGGAGTGAGCCTA-1,0,0,0,3,1,2,1,1,9,0,0,2,2,2,2,2,0,8,0,0,0
AGGGCCACCATACG-1,0,0,0,3,1,4,3,6,8,0,0,3,3,3,1,0,4,4,0,0,4
AGGGCGCTAACCAC-1,2,3,4,2,0,3,5,3,6,1,1,0,0,0,3,3,3,1,2,5,6
AGGGCGCTATGGTC-1,0,0,0,6,2,4,3,6,3,0,0,2,2,2,2,2,0,8,0,0,0
AGGGTGGACAGTCA-1,3,1,3,1,3,1,9,0,0,2,2,5,5,5,5,5,2,2,1,1,1
AGGGTGGACTCAAG-1,2,3,4,2,0,3,7,10,1,1,1,0,0,0,8,8,8,3,2,5,6
AGGGTGGAGTTGCA-1,0,0,0,6,2,0,4,4,2,0,0,2,2,2,2,2,0,8,3,4,5
AGGGTTTGTTCATC-1,2,3,4,2,0,3,5,3,6,1,1,0,0,0,8,8,8,3,2,5,6
AGGTCATGAGTGTC-1,3,1,3,1,3,1,9,0,0,2,2,5,5,5,5,5,2,2,1,1,1
AGGTCATGCTTATC-1,0,0,0,6,2,0,4,4,2,0,0,2,2,2,2,2,0,8,3,4,5
AGGTCTGATTCTCA-1,2,3,2,4,6,7,8,9,11,1,1,0,6,6,6,6,6,6,2,5,6
AGGTGGGAAGAATG-1,0,0,0,3,1,4,3,6,8,0,0,3,3,3,1,0,4,4,0,4,0
AGGTGGGAAGTTCG-1,0,0,0,3,1,2,1,1,8,0,0,3,3,3,1,0,4,4,0,0,8
AGGTGTTGGTTACG-1,3,1,3,1,3,1,9,0,0,2,2,5,5,5,5,5,2,2,1,1,1
AGGTTCGAACCTCC-1,2,3,4,2,0,3,5,3,6,1,1,0,0,0,3,3,3,1,2,5,6
AGGTTCGAACGTAC-1,2,3,4,2,0,3,5,3,6,1,1,0,0,0,8,8,8,3,2,5,6
AGGTTCGAGGGTGA-1,0,0,0,3,1,2,1,1,9,0,0,3,3,3,1,0,4,4,0,0,8
AGTAAGGAGTTTGG-1,0,0,0,3,1,2,3,1,9,0,0,3,3,3,1,0,5,5,0,0,0
AGTAAGGATTCTTG-1,0,0,0,3,1,4,3,6,3,0,0,3,3,3,1,0,4,4,0,0,0
AGTAATACATCACG-1,0,4,5,0,7,8,6,8,5,0,4,4,4,4,4,1,1,0,3,3,3
AGTAATACCGAACT-1,3,1,3,1,3,1,9,0,0,2,2,5,5,5,5,5,2,2,1,1,1
AGTAATTGTCCCAC-1,0,0,0,3,1,4,3,6,3,0,0,3,3,3,1,0,5,5,0,0,0
AGTACGTGAGGGTG-1,0,0,0,3,1,2,3,1,8,0,0,3,3,3,1,0,5,5,0,0,0
AGTACGTGCTGCAA-1,0,0,0,3,1,4,3,6,8,0,0,3,3,3,1,0,5,5,0,0,4
AGTACGTGCTTGGA-1,0,0,0,3,1,4,3,6,3,0,0,3,3,3,1,0,4,4,0,0,0
AGTACTCTACGTGT-1,3,1,3,1,3,1,9,0,0,2,2,5,5,5,5,5,2,2,1,1,1
AGTACTCTCAACCA-1,0,4,5,6,2,0,4,2,2,0,0,2,2,2,2,2,0,11,3,4,5
AGTACTCTCGGTAT-1,0,0,0,6,2,4,3,6,3,0,0,3,3,3,1,0,5,5,0,0,0
AGTAGGCTTGCCTC-1,2,3,2,4,6,7,8,9,11,1,1,0,0,0,8,8,8,3,2,2,2
AGTATAACTTGTCT-1,2,3,2,4,6,7,8,9,11,1,1,0,6,6,6,6,6,6,2,2,2
AGTATCCTAGAACA-1,0,0,0,3,1,2,1,1,9,0,0,3,3,3,1,0,4,4,0,0,8
AGTCACGATGAGCT-1,0,4,5,0,7,8,6,8,5,0,4,4,4,4,4,1,1,0,3,3,3
AGTCAGACGAATAG-1,0,0,0,3,1,4,3,6,3,0,0,3,3,3,1,0,5,5,0,0,0
AGTCAGACGCTTAG-1,0,0,0,3,1,2,1,4,9,0,0,2,2,2,2,2,0,8,0,0,8
AGTCAGACTAGAGA-1,0,0,0,6,2,0,4,4,2,0,0,2,2,2,2,2,0,8,3,4,5
AGTCAGACTGCACA-1,0,0,0,3,1,4,3,6,8,0,0,3,3,3,1,0,4,4,0,0,0
AGTCCAGATATCTC-1,0,0,0,3,1,2,1,1,9,0,0,3,3,3,1,0,4,4,0,0,8
AGTCCAGATTTCAC-1,0,0,0,3,1,4,3,6,3,0,0,3,3,3,1,0,5,5,0,0,0
AGTCGAACCAACCA-1,0,0,0,3,1,2,1,1,9,0,0,3,3,3,1,0,4,4,0,0,4
AGTCGCCTCCGTAA-1,0,0,0,3,1,4,3,6,3,0,0,3,3,3,1,0,5,5,0,0,0
AGTCTACTAGGGTG-1,2,3,4,2,0,3,5,3,6,1,1,0,0,0,3,3,3,1,2,5,6
AGTCTACTTGCATG-1,2,3,2,4,6,7,8,9,11,1,1,0,6,6,6,6,6,6,2,2,2
AGTCTTACACCACA-1,0,0,0,3,1,2,1,1,9,0,0,3,3,3,1,0,4,4,0,0,7
AGTCTTACTTCGCC-1,0,0,0,6,2,0,4,4,2,0,0,2,2,2,2,2,0,8,3,4,5
AGTCTTACTTCGGA-1,1,2,1,5,4,6,2,7,7,3,3,1,1,1,0,9,9,9,5,7,10
AGTGACTGCAACTG-1,2,3,2,4,6,7,8,9,11,1,1,0,6,6,6,6,6,6,2,2,2
AGTGTTCTAACCTG-1,0,0,0,3,1,4,3,6,3,0,0,3,3,3,1,0,4,4,0,0,0
AGTGTTCTATAAGG-1,0,0,0,3,1,2,1,1,9,0,0,3,3,3,1,0,4,4,0,0,0
AGTGTTCTCACTTT-1,2,3,4,2,0,3,7,10,1,1,1,0,0,0,3,3,3,1,2,5,6
AGTTAAACCACTTT-1,0,0,0,3,1,4,3,6,3,0,0,3,3,3,1,0,4,4,0,0,0
AGTTATGAACAGTC-1,2,3,4,2,0,3,7,10,1,1,1,0,0,0,8,8,8,3,2,5,6
AGTTATGACTGAGT-1,0,0,0,3,1,4,3,6,3,0,0,3,3,3,1,0,5,5,0,0,7
AGTTATGAGTTCAG-1,0,0,0,3,1,4,3,6,8,0,0,3,3,3,1,0,5,5,0,0,4
AGTTCTACCAGCTA-1,2,3,4,2,0,3,5,3,6,1,1,0,0,0,3,3,3,1,2,5,6
AGTTCTTGAAGCCT-1,0,0,0,6,2,0,4,4,2,0,0,2,2,2,2,2,0,11,3,4,5
AGTTGTCTACTACG-1,0,0,0,3,1,2,1,1,8,0,0,3,3,3,1,0,4,4,0,0,8
AGTTTAGATGGTCA-1,0,0,0,3,1,2,1,1,9,0,0,3,3,3,1,0,4,4,0,0,4
AGTTTCACGGTCTA-1,0,4,5,6,2,0,4,2,2,0,0,2,2,2,2,2,0,8,3,4,5
AGTTTGCTACAGTC-1,0,0,0,3,1,2,1,1,9,0,0,3,3,3,1,0,4,4,0,0,8
AGTTTGCTACTGGT-1,0,4,5,6,2,0,4,4,2,0,4,4,4,4,4,1,1,0,3,3,3
AGTTTGCTCCAAGT-1,0,0,0,3,1,4,3,6,3,0,0,3,3,3,1,0,4,4,0,0,0
ATAAACACAGTGCT-1,3,1,3,1,3,1,9,0,0,2,2,5,5,5,5,5,2,2,1,1,1
ATAAACACCACCAA-1,0,0,0,3,1,4,3,6,8,0,0,3,3,3,1,0,4,4,0,0,4
ATAACAACATGCTG-1,2,3,4,2,0,3,7,10,1,1,1,0,0,0,8,8,8,3,2,5,6
ATAACAACGTCTAG-1,0,0,0,3,1,2,1,1,9,0,0,3,3,3,1,0,4,4,0,0,0
ATAACAACTTTGTC-1,0,0,0,3,1,2,1,1,8,0,0,3,3,3,1,0,4,4,0,0,7
ATAACATGTACTCT-1,0,0,0,3,1,4,3,6,3,0,0,3,3,3,1,0,5,5,0,0,7
ATAACCCTGTTGGT-1,0,0,0,3,1,2,1,1,9,0,0,2,2,2,2,2,0,8,0,4,5
ATAACCCTTGGTAC-1,0,0,0,3,1,4,3,6,3,0,0,3,3,3,1,0,5,5,0,0,0
ATAAGTACGAATGA-1,3,1,3,1,3,1,9,0,0,2,2,5,5,5,5,5,2,2,1,1,1
ATAAGTTGGTACGT-1,2,3,2,4,6,7,8,9,11,1,1,0,6,6,6,6,6,6,2,5,6
ATAAGTTGTCTAGG-1,0,0,0,3,1,2,1,1,9,0,0,3,3,3,1,0,4,4,0,0,0
ATAATCGAGCTGAT-1,3,1,3,1,3,1,9,0,0,2,2,5,5,5,5,5,2,2,1,1,1
ATAATCGATGGTTG-1,0,0,0,3,1,2,1,1,8,0,0,3,3,3,1,0,4,4,0,0,4
ATAATGACCTACTT-1,0,0,0,3,1,4,3,6,3,0,0,3,3,3,1,0,5,5,0,0,0
ATAATGACTCGTGA-1,2,3,4,2,0,3,5,3,6,1,1,0,0,0,8,8,8,3,2,5,6
ATACAATGTTAGGC-1,0,0,0,3,1,2,1,1,8,0,0,3,3,3,1,0,4,4,0,0,4
ATACCACTCGTACA-1,2,3,4,2,0,3,7,10,1,1,1,0,0,0,8,8,8,3,2,5,6
ATACCACTCTAAGC-1,2,3,2,4,5,5,0,5,10,1,1,0,0,7,7,7,7,7,4,6,9
ATACCACTGCCAAT-1,0,0,0,6,2,0,4,4,2,0,4,4,4,4,4,1,1,0,3,3,3
ATACCGGAATGCTG-1,2,3,2,4,5,5,0,5,10,1,1,0,0,7,7,7,7,7,4,6,9
ATACCGGACATTTC-1,2,3,4,2,0,3,7,10,1,1,1,0,0,0,3,3,3,1,2,5,6
ATACCGGACTTCGC-1,0,0,0,3,1,4,3,6,3,0,0,3,3,3,1,0,4,4,0,0,7
ATACCGGAGGTGTT-1,2,3,4,2,0,3,5,3,6,1,1,0,0,0,3,3,3,1,2,5,6
ATACCGGATCTCGC-1,0,0,0,3,1,2,1,1,9,0,0,3,3,3,1,0,5,5,0,0,8
ATACCTACGCATCA-1,0,0,0,3,1,4,3,6,3,0,0,3,3,3,1,0,5,5,0,0,0
ATACCTTGGGGCAA-1,0,0,0,3,1,2,1,1,8,0,0,3,3,3,1,0,4,4,0,0,0
ATACGGACAGACTC-1,2,3,4,2,0,3,5,3,6,1,1,0,0,0,3,3,3,1,2,5,6
ATACGGACCTACTT-1,2,3,4,2,0,3,5,3,6,1,1,0,0,0,3,3,3,1,2,5,6
ATACGGACGAGGTG-1,3,1,3,1,3,1,9,0,0,2,2,5,5,5,5,5,2,2,1,1,1
ATACGGACTATGCG-1,3,1,3,1,3,1,9,0,0,2,2,5,5,5,5,5,2,2,1,1,1
ATACGGACTCTGGA-1,2,3,4,2,0,3,5,3,6,1,1,0,0,0,3,3,3,1,2,5,6
ATACGTCTTAACGC-1,2,3,4,2,0,3,5,3,6,1,1,0,0,0,3,3,3,1,2,5,6
ATACTCTGCTTCGC-1,2,3,2,4,6,7,7,9,1,1,1,0,0,0,8,8,8,3,2,2,2
ATACTCTGGTATGC-1,0,4,5,0,7,8,6,8,5,0,4,4,4,4,4,1,1,0,3,3,3
ATAGATACCATGGT-1,0,0,0,3,1,4,3,6,3,0,0,3,3,3,1,0,5,5,0,0,0
ATAGATACGACGAG-1,0,0,0,3,1,2,1,1,9,0,0,3,3,3,1,0,4,4,0,0,8
ATAGATTGGTGTAC-1,3,1,3,1,3,1,9,0,0,2,2,5,5,5,5,5,2,2,1,1,1
ATAGCCGAACGGAG-1,0,0,0,3,1,2,1,1,8,0,0,3,3,3,1,0,4,4,0,0,7
ATAGCGTGCAGATC-1,0,0,0,3,1,4,3,6,3,0,0,3,3,3,1,0,4,4,0,0,7
ATAGCGTGCCCTTG-1,2,3,4,2,0,3,7,10,1,1,1,0,0,0,3,3,3,1,2,5,6
ATAGCGTGGTATCG-1,2,3,4,2,0,3,5,3,6,1,1,0,0,0,3,3,3,1,2,5,6
ATAGCGTGTCTCTA-1,0,0,0,3,1,4,3,6,3,0,0,2,2,2,2,2,0,8,0,0,0
ATAGCTCTCTGATG-1,0,0,0,3,1,2,1,1,9,0,0,3,3,3,1,0,4,4,0,0,8
ATAGCTCTGAGGTG-1,0,0,0,3,1,2,3,1,8,0,0,3,3,3,1,0,5,5,0,0,0
ATAGGAGAAACAGA-1,2,3,2,4,6,7,8,9,11,1,1,0,0,0,8,8,8,3,2,2,2
ATAGGCTGTCAGAC-1,0,0,0,3,1,2,1,1,8,0,0,3,3,3,1,0,4,4,0,0,8
ATAGTCCTAGTGTC-1,2,3,4,2,0,3,7,10,1,1,1,0,0,0,8,8,8,3,2,5,6
ATAGTCCTTGCATG-1,0,0,0,6,2,0,4,4,2,0,0,2,2,2,2,2,0,8,3,4,5
ATAGTCCTTGTCGA-1,0,0,0,3,1,2,1,1,8,0,0,3,3,3,1,0,4,4,0,0,8
ATAGTTGACAACTG-1,0,0,0,3,1,4,3,6,8,0,0,3,3,3,1,0,4,4,0,0,7
ATAGTTGACCCTCA-1,2,3,2,4,6,7,8,9,11,1,1,0,6,6,6,6,6,6,2,2,2
ATAGTTGAGACGTT-1,0,0,0,3,1,2,1,1,9,0,0,3,3,3,1,0,4,4,0,0,8
ATAGTTGATAAGCC-1,0,0,0,3,1,2,1,1,9,0,0,3,3,3,1,0,4,4,0,0,8
ATATACGAAGCCAT-1,0,0,0,3,1,4,3,6,8,0,0,3,3,3,1,0,4,4,0,0,7
ATATACGAATTGGC-1,0,0,0,3,1,4,3,6,3,0,0,3,3,3,1,0,5,5,0,0,0
ATATAGTGGAATGA-1,2,3,4,2,0,3,5,3,6,1,1,0,0,0,3,3,3,1,2,5,6
ATATGCCTAGATCC-1,2,3,4,2,0,3,5,3,6,1,1,0,0,0,3,3,3,1,2,5,6
ATATGCCTGGACAG-1,0,0,0,3,1,4,3,6,3,0,0,3,3,3,1,0,4,4,0,4,0
ATATGCCTTCTCTA-1,0,0,0,3,1,2,1,1,9,0,0,3,3,3,1,0,4,4,0,0,8
ATATGCCTTGGTAC-1,0,0,0,3,1,2,1,1,8,0,0,3,3,3,1,0,4,4,0,0,8
ATCAAATGAGCCTA-1,2,3,4,2,0,3,7,10,1,1,1,0,0,0,8,8,8,3,2,5,6
ATCAAATGGGTAAA-1,2,3,2,4,6,7,8,9,11,1,1,0,6,6,6,6,6,6,2,2,2
ATCAACCTAAACGA-1,0,0,0,3,1,4,3,6,3,0,0,3,3,3,1,0,4,4,0,0,7
ATCAACCTGAGGAC-1,0,0,0,3,1,2,1,1,8,0,0,3,3,3,1,0,4,4,0,0,7
ATCAACCTTCTCTA-1,0,0,0,6,2,0,4,4,2,0,0,2,2,2,2,2,0,8,3,4,5
ATCAACCTTTGTCT-1,0,0,0,6,2,0,4,4,2,0,0,2,2,2,2,2,0,8,3,4,5
ATCACACTTTGTCT-1,0,0,0,3,1,2,3,6,8,0,0,3,3,3,1,0,4,4,0,0,8
ATCACGGATTTCGT-1,3,1,3,1,3,1,9,0,0,2,2,5,5,5,5,5,2,2,1,1,1
ATCATCTGACACCA-1,1,2,1,5,4,6,2,7,4,3,3,1,1,1,0,4,10,10,5,7,10
ATCATGCTAGAGTA-1,0,0,0,6,2,0,4,2,2,0,0,2,2,2,2,2,0,8,3,4,5
ATCATGCTGAACCT-1,3,1,3,1,3,1,9,0,0,2,2,5,5,5,5,5,2,2,1,1,1
ATCCAGGACGCTAA-1,2,3,2,4,6,7,8,9,11,1,1,0,6,6,6,6,6,6,2,2,2
ATCCAGGATGGAAA-1,0,0,0,3,1,4,3,6,3,0,0,3,3,3,1,0,4,4,0,0,0
ATCCATACTCCTTA-1,2,3,4,2,0,3,5,3,6,1,1,0,0,0,3,3,3,1,2,5,6
ATCCATACTTCATC-1,2,3,2,4,6,7,8,9,11,1,1,0,6,6,6,6,6,6,2,2,2
ATCCCGTGCAGTCA-1,0,4,5,0,7,8,6,8,5,0,4,4,4,4,4,1,1,0,3,3,3
ATCCCGTGCATGCA-1,3,1,3,1,3,1,9,0,0,2,2,5,5,5,5,5,2,2,1,1,1
ATCCCGTGGCTGAT-1,3,1,3,1,3,1,9,0,0,2,2,5,5,5,5,5,2,2,1,1,1
ATCCGCACGCATCA-1,3,1,3,1,3,1,9,0,0,2,2,5,5,5,5,5,2,2,1,1,1
ATCCTAACGACGGA-1,3,1,3,1,3,1,9,0,0,2,2,5,5,5,5,5,2,2,1,1,1
ATCCTAACGCTACA-1,0,0,0,6,2,0,4,2,2,0,0,2,2,2,2,2,0,11,0,0,0
ATCGACGAAACTGC-1,2,3,4,2,0,3,7,10,1,1,1,0,0,0,8,8,8,3,2,5,6
ATCGACGAATGACC-1,0,0,0,3,1,2,1,1,8,0,0,3,3,3,1,0,4,4,0,0,7
ATCGAGTGGACGTT-1,0,4,5,6,2,0,4,2,2,0,0,2,2,2,2,2,0,11,3,4,5
ATCGCAGAATCTCT-1,2,3,2,4,6,7,8,9,11,1,1,0,6,6,6,6,6,6,2,2,2
ATCGCAGAGTGTCA-1,3,1,3,1,3,1,9,0,0,2,2,5,5,5,5,5,2,2,1,1,1
ATCGCCACTGAGGG-1,0,0,0,6,2,0,4,4,2,0,0,2,2,2,2,2,0,8,3,4,5
ATCGCCTGGGTCAT-1,0,0,0,3,1,2,3,1,8,0,0,3,3,3,1,0,4,4,0,0,4
ATCGCCTGTGGCAT-1,3,1,3,1,3,1,9,0,0,2,2,5,5,5,5,5,2,2,1,1,1
ATCGCGCTCAGAGG-1,2,3,4,2,0,3,5,3,6,1,1,0,0,0,3,3,3,1,2,5,6
ATCGCGCTGGGATG-1,0,0,0,3,1,4,3,6,3,0,0,3,3,3,1,0,4,4,0,0,0
ATCGCGCTTTTCGT-1,3,1,3,1,3,1,9,0,0,2,2,5,5,5,5,5,2,2,1,1,1
ATCGGAACCAGTCA-1,0,0,0,3,1,2,1,1,9,0,0,3,3,3,1,0,4,4,0,0,8
ATCGGTGAGTCAAC-1,0,0,0,3,1,2,1,1,9,0,0,3,3,3,1,0,4,4,0,0,0
ATCGGTGATTGCAG-1,0,0,0,3,1,2,1,1,8,0,0,3,3,3,1,0,4,4,0,0,8
ATCGTTTGCCTACC-1,2,3,4,2,0,3,7,10,1,1,1,0,0,0,8,8,8,3,2,5,2
ATCGTTTGGGTACT-1,2,3,4,2,0,3,5,3,6,1,1,0,0,0,3,3,3,1,2,5,6
ATCGTTTGTGCCAA-1,2,3,4,2,0,3,5,3,6,1,1,0,0,0,3,3,3,1,2,5,6
ATCTACACCCGCTT-1,2,3,4,2,0,3,5,3,6,1,1,0,0,0,3,3,3,1,2,5,6
ATCTACACCGGGAA-1,0,0,0,3,1,4,3,6,8,0,0,3,3,3,1,0,5,5,0,0,7
ATCTCAACAGGAGC-1,3,1,3,1,3,1,9,0,0,2,2,5,5,5,5,5,2,2,1,1,1
ATCTCAACCTCGAA-1,0,0,0,3,1,2,1,1,9,0,0,3,3,3,1,0,4,4,0,0,8
ATCTCAACCTTGTT-1,2,3,4,2,0,3,5,3,6,1,1,0,0,0,3,3,3,1,2,5,6
ATCTGGGAAACCAC-1,2,3,4,2,0,3,7,10,1,1,1,0,0,0,8,8,8,3,2,5,6
ATCTGGGAAGTGTC-1,2,3,2,4,0,7,7,10,1,1,1,0,0,0,8,8,8,3,2,2,2
ATCTGGGATTCCGC-1,0,0,0,6,2,0,4,4,2,0,0,2,2,2,2,2,0,8,3,4,5
ATCTGTTGAACGGG-1,0,0,0,3,1,4,3,6,3,0,0,3,3,3,1,0,5,5,0,0,0
ATCTGTTGACCTCC-1,0,0,0,3,1,4,3,6,3,0,0,3,3,3,1,0,5,5,0,0,0
ATCTGTTGCCTTCG-1,2,3,2,4,6,7,8,9,11,1,1,0,6,6,6,6,6,6,2,2,2
ATCTGTTGGTTGCA-1,0,0,0,3,1,4,3,6,3,0,0,3,3,3,1,0,4,4,0,0,0
ATCTTGACACCAAC-1,0,0,0,3,1,2,1,1,8,0,0,3,3,3,1,0,4,4,0,0,7
ATCTTGACCTCCCA-1,2,3,4,2,0,3,5,3,6,1,1,0,0,0,3,3,3,1,2,5,6
ATCTTTCTGCATCA-1,0,0,0,3,1,2,1,1,9,0,0,2,2,2,2,2,0,8,0,4,5
ATCTTTCTGTTTCT-1,0,0,0,6,2,0,4,4,2,0,0,2,2,2,2,2,0,8,3,4,5
ATCTTTCTTGTCCC-1,0,4,5,0,7,8,6,8,5,0,4,4,4,4,4,1,1,0,3,3,3
ATGAAACTCTGTGA-1,0,0,0,3,1,4,3,6,8,0,0,2,2,2,2,2,0,8,0,0,0
ATGAAACTGAGGCA-1,0,0,0,3,1,2,1,1,9,0,0,3,3,3,1,0,4,4,0,0,4
ATGAAGGAACAGCT-1,0,0,0,6,2,0,4,4,2,0,0,2,2,2,2,2,0,8,3,4,5
ATGAAGGACCTGTC-1,3,1,3,1,3,1,9,0,0,2,2,5,5,5,5,5,2,2,1,1,1
ATGAAGGACCTTAT-1,3,1,3,1,3,1,9,0,0,2,2,5,5,5,5,5,2,2,1,1,1
ATGAAGGACTAGTG-1,3,1,3,1,3,1,9,0,0,2,2,5,5,5,5,5,2,2,1,1,1
ATGAAGGACTTGCC-1,0,4,5,0,7,8,6,8,5,0,4,4,4,4,4,1,1,0,3,3,3
ATGACGTGACGACT-1,3,1,3,1,3,1,9,0,0,2,2,5,5,5,5,5,2,2,1,1,1
ATGACGTGATCGGT-1,2,3,2,4,6,7,8,9,11,1,1,0,0,0,8,8,8,3,2,2,2
ATGAGAGAAAGTGA-1,0,0,0,3,1,4,3,6,3,0,0,3,3,3,1,0,4,4,0,0,7
ATGAGAGAACGCAT-1,0,0,0,3,1,2,1,1,9,0,0,3,3,3,1,0,4,4,0,0,0
ATGAGAGAAGTAGA-1,3,1,3,1,3,1,9,0,0,2,2,5,5,5,5,5,2,2,1,1,1
ATGAGCACACAGCT-1,0,0,0,3,1,2,3,1,8,0,0,3,3,3,1,0,4,4,0,0,8
ATGAGCACATCTTC-1,0,0,0,3,1,4,3,6,8,0,0,3,3,3,1,0,4,4,0,0,0
ATGATAACTTCACT-1,0,4,5,0,7,8,6,8,5,0,4,4,4,4,4,1,1,0,3,3,3
ATGATATGAAACAG-1,0,0,0,3,1,4,3,6,3,0,0,3,3,3,1,0,5,5,0,0,0
ATGATATGACTGGT-1,0,0,0,3,1,2,1,1,8,0,0,3,3,3,1,0,4,4,0,0,8
ATGATATGAGCACT-1,0,0,0,3,1,2,1,1,8,0,0,3,3,3,1,0,5,5,0,0,8
ATGATATGGTCATG-1,0,0,0,3,1,2,1,1,8,0,0,3,3,3,1,0,4,4,0,0,0
ATGATATGGTGCTA-1,0,4,5,0,7,8,6,8,5,0,4,4,4,4,4,1,1,0,3,3,3
ATGATATGTTGTCT-1,2,3,2,4,0,7,7,10,1,1,1,0,0,0,8,8,8,3,2,2,2
ATGCACGAATGTCG-1,3,1,3,1,3,1,9,0,0,2,2,5,5,5,5,5,2,2,1,1,1
ATGCACGACTGTAG-1,0,0,0,3,1,2,1,1,9,0,0,3,3,3,1,0,4,4,0,0,0
ATGCACGAGAACCT-1,3,1,3,1,3,1,9,0,0,2,2,5,5,5,5,5,2,2,1,1,1
ATGCACGAGTTCGA-1,0,0,0,3,1,2,3,1,8,0,0,3,3,3,1,0,4,4,0,0,7
ATGCACGATTGGTG-1,2,3,2,4,6,7,7,9,1,1,1,0,0,0,8,8,8,3,2,2,2
ATGCAGTGTTACCT-1,3,1,3,1,3,1,9,0,0,2,2,5,5,5,5,5,2,2,1,1,1
ATGCAGTGTTCTAC-1,0,0,0,3,1,4,3,6,3,0,0,3,3,3,1,0,5,5,0,0,0
ATGCCAGAACGACT-1,0,0,0,3,1,2,1,1,9,0,0,3,3,3,1,0,4,4,0,0,4
ATGCCAGACAGTCA-1,2,3,4,2,0,3,5,3,6,1,1,0,0,0,3,3,3,1,2,5,6
ATGCCGCTTGAACC-1,2,3,4,2,0,3,7,10,1,1,1,0,0,0,8,8,8,3,2,5,6
ATGCGATGCTATGG-1,2,3,4,2,0,3,7,10,1,1,1,0,0,0,8,8,8,3,2,5,6
ATGCGATGCTGAGT-1,0,0,0,3,1,2,1,1,8,0,0,3,3,3,1,0,5,5,0,0,0
ATGCGATGGTTACG-1,3,1,3,1,3,1,9,0,0,2,2,5,5,5,5,5,2,2,1,1,1
ATGCGCCTTCATTC-1,0,0,0,3,1,2,1,1,8,0,0,3,3,3,1,0,4,4,0,0,8
ATGCTTTGCGAATC-1,0,0,0,3,1,4,3,6,3,0,0,3,3,3,1,0,4,4,0,0,0
ATGCTTTGGGCGAA-1,0,0,0,6,2,0,4,4,2,0,0,2,2,2,2,2,0,8,3,4,5
ATGCTTTGTAGTCG-1,3,1,3,1,3,1,9,0,0,2,2,5,5,5,5,5,2,2,1,1,1
ATGGACACATCGGT-1,0,0,0,3,1,4,3,6,3,0,0,3,3,3,1,0,5,5,0,0,0
ATGGACACGCATCA-1,0,4,5,0,7,8,6,8,5,0,4,4,4,4,4,1,1,0,3,3,3
ATGGGTACAACCTG-1,3,1,3,1,3,1,9,0,0,2,2,5,5,5,5,5,2,2,1,1,1
ATGGGTACATCGGT-1,0,4,5,0,7,8,6,8,5,0,4,4,4,4,4,1,1,0,3,3,3
ATGGGTACTATTCC-1,0,0,0,3,1,4,3,6,3,0,0,3,3,3,1,0,5,5,0,0,7
ATGGGTACTGGGAG-1,0,0,0,3,1,4,3,6,3,0,0,3,3,3,1,0,5,5,0,0,0
ATGTAAACACCTCC-1,0,0,0,3,1,4,3,6,3,0,0,3,3,3,1,0,5,5,0,0,0
ATGTAAACCCGCTT-1,0,0,0,3,1,4,3,6,8,0,0,3,3,3,1,0,5,5,0,0,0
ATGTAAACGGGATG-1,2,3,2,4,5,5,0,5,10,1,1,0,0,7,7,7,7,7,4,6,9
ATGTAAACTCTCCG-1,0,0,0,6,2,4,3,6,3,0,0,3,3,3,1,0,5,5,0,0,0
ATGTAAACTTCACT-1,2,3,4,2,0,3,7,10,1,1,1,0,0,0,8,8,8,3,2,5,6
ATGTACCTCAGTCA-1,0,0,0,3,1,2,1,1,9,0,0,3,3,3,1,0,4,4,0,4,4
ATGTACCTTAGTCG-1,0,0,0,3,1,4,3,6,3,0,0,3,3,3,1,0,5,5,0,0,0
ATGTACCTTTATCC-1,2,3,4,2,0,3,5,3,6,1,1,0,0,0,3,3,3,1,2,5,6
ATGTACCTTTCACT-1,0,4,5,6,2,0,4,2,2,0,0,2,2,2,2,2,0,11,3,4,5
ATGTCACTAATGCC-1,2,3,4,2,0,3,7,10,1,1,1,0,0,0,8,8,8,3,2,5,6
ATGTCACTCTGCTC-1,0,0,0,3,1,2,1,1,9,0,0,3,3,3,1,0,4,4,0,0,8
ATGTCGGAGGTGAG-1,0,0,0,3,1,4,3,6,3,0,0,3,3,3,1,0,5,5,0,0,0
ATGTTCACAGTCTG-1,2,3,4,2,0,3,7,10,1,1,1,0,0,0,8,8,8,3,2,5,6
ATGTTCACCGTAGT-1,0,0,0,3,1,4,3,6,3,0,0,3,3,3,1,0,5,5,0,0,0
ATGTTGCTTTCAGG-1,0,0,0,3,1,4,3,6,3,0,0,3,3,3,1,0,5,5,0,0,0
ATTAACGATGAGAA-1,0,4,5,0,7,8,6,8,5,0,4,4,4,4,4,1,1,0,3,3,3
ATTAACGATGCAAC-1,0,4,5,6,2,0,4,2,2,0,0,2,2,2,2,2,0,11,3,4,5
ATTAAGACTGCAGT-1,0,0,0,3,1,4,3,6,3,0,0,3,3,3,1,0,5,5,0,0,0
ATTACCTGCCTTAT-1,2,3,4,2,0,3,5,10,6,1,1,0,0,0,3,3,3,1,2,5,6
ATTACCTGGAGGAC-1,2,3,2,4,6,7,8,9,11,1,1,0,0,0,8,8,8,3,2,2,2
ATTAGATGTTTCAC-1,0,0,0,3,1,2,1,1,9,0,0,3,3,3,1,0,4,4,0,0,8
ATTATGGAATCTCT-1,0,0,0,3,1,4,3,6,3,0,0,3,3,3,1,0,5,5,0,0,0
ATTCAAGAACGGGA-1,0,0,0,3,1,2,1,1,8,0,0,3,3,3,1,0,4,4,0,0,7
ATTCAAGACCTTTA-1,0,0,0,3,1,4,3,6,3,0,0,3,3,3,1,0,4,4,0,0,0
ATTCAGCTCATTGG-1,1,2,1,5,4,6,2,7,7,3,3,1,1,1,0,9,9,9,5,7,10
ATTCCAACCATTGG-1,2,3,4,2,0,3,7,10,1,1,1,0,0,0,8,8,8,3,2,5,6
ATTCCAACTTAGGC-1,0,4,5,0,7,8,6,8,5,0,4,4,4,4,4,1,1,0,3,3,3
ATTCGACTCACTAG-1,0,0,0,3,1,4,3,6,3,0,0,3,3,3,1,0,5,5,0,0,0
ATTCGACTGAATAG-1,2,3,4,2,0,3,5,3,6,1,1,0,0,0,8,8,8,3,2,5,6
ATTCGACTTTTGTC-1,2,3,2,4,6,7,8,9,11,1,1,0,6,6,6,6,6,6,2,2,2
ATTCGGGAAAGGCG-1,2,3,4,2,0,3,7,10,1,1,1,0,0,0,3,3,3,1,2,5,6
ATTCGGGATTAGGC-1,0,0,0,3,1,2,3,6,8,0,0,3,3,3,1,0,5,5,0,0,4
ATTCTTCTGATACC-1,0,0,0,6,2,0,4,4,2,0,0,3,3,3,1,0,4,4,0,0,4
ATTGAATGGACGGA-1,0,0,0,3,1,2,1,1,9,0,0,3,3,3,1,0,4,4,0,0,8
ATTGATGAAGGTTC-1,0,0,0,3,1,2,1,1,9,0,0,3,3,3,1,0,4,4,0,0,8
ATTGATGACTGAGT-1,0,0,0,3,1,2,1,1,9,0,0,3,3,3,1,0,4,4,0,0,8
ATTGATGAGCGAAG-1,0,0,0,3,1,4,3,6,3,0,0,3,3,3,1,0,5,5,0,0,0
ATTGATGATCTATC-1,0,0,0,3,1,2,1,1,8,0,0,3,3,3,1,0,4,4,0,0,4
ATTGCACTGACGGA-1,0,0,0,3,1,2,1,1,8,0,0,3,3,3,1,0,4,4,0,0,8
ATTGCACTGAGAGC-1,2,3,2,4,6,7,8,9,11,1,1,0,6,6,6,6,6,6,2,2,2
ATTGCACTGGAGCA-1,2,3,4,2,0,3,5,3,6,1,1,0,0,0,3,3,3,1,2,5,6
ATTGCACTTAGCCA-1,0,0,0,3,1,2,1,1,8,0,0,3,3,3,1,0,4,4,0,0,8
ATTGCACTTGCTTT-1,2,3,2,4,6,7,8,9,11,1,1,0,6,6,6,6,6,6,2,2,2
ATTGCTTGTTACTC-1,3,1,3,1,3,1,9,0,0,2,2,5,5,5,5,5,2,2,1,1,1
ATTGGTCTGACTAC-1,3,1,3,1,3,1,9,0,0,2,2,5,5,5,5,5,2,2,1,1,1
ATTGGTCTTGTCTT-1,3,1,3,1,3,1,9,0,0,2,2,5,5,5,5,5,2,2,1,1,1
ATTGTAGATTCCCG-1,2,3,2,4,5,5,0,5,10,1,1,0,0,7,7,7,7,7,4,6,9
ATTGTAGATTGCAG-1,0,0,0,3,1,2,1,1,9,0,0,3,3,3,1,0,4,4,0,0,8
ATTGTCTGCGTACA-1,0,0,0,3,1,4,3,6,8,0,0,3,3,3,1,0,5,5,0,0,4
ATTTAGGAACCATG-1,2,3,2,4,6,7,8,9,11,1,1,0,6,6,6,6,6,6,2,2,2
ATTTAGGACAGAGG-1,0,0,0,3,1,4,3,6,3,0,0,3,3,3,1,0,5,5,0,0,0
ATTTCCGAGATGAA-1,0,0,0,3,1,4,3,6,3,0,0,3,3,3,1,0,4,4,0,0,8
ATTTCCGAGTGCTA-1,0,0,0,3,1,4,3,6,3,0,0,3,3,3,1,0,4,4,0,0,4
ATTTCGTGTATGGC-1,0,4,5,6,2,0,4,2,2,0,0,2,2,2,2,2,0,11,3,3,3
ATTTCTCTACTTTC-1,2,3,2,4,6,7,8,9,11,1,1,0,6,6,6,6,6,6,2,2,2
ATTTCTCTAGCAAA-1,0,0,0,3,1,4,3,6,3,0,0,3,3,3,1,0,5,5,0,0,0
ATTTCTCTCACTTT-1,2,3,2,4,6,7,8,9,11,1,1,0,6,6,6,6,6,6,2,2,2
ATTTCTCTTCCCAC-1,0,0,0,3,1,2,1,1,8,0,0,3,3,3,1,0,4,4,0,0,7
ATTTGCACAAGATG-1,2,3,4,2,0,3,5,3,6,1,1,0,0,0,3,3,3,1,2,5,6
CAAAGCACAGCTCA-1,0,0,0,3,1,4,3,6,3,0,0,3,3,3,1,0,5,5,0,0,4
CAAAGCACCGTAAC-1,3,1,3,1,3,1,9,0,0,2,2,5,5,5,5,5,2,2,1,1,1
CAAAGCACGGTAAA-1,0,4,5,0,7,8,6,2,5,0,4,4,4,4,4,1,1,0,3,4,5
CAAAGCTGAAAGTG-1,0,0,0,3,1,2,1,1,9,0,0,3,3,3,1,0,4,4,0,0,0
CAAAGCTGTTGCTT-1,2,3,4,2,0,3,5,3,6,1,1,0,0,0,8,8,8,3,2,5,6
CAAATATGTGACAC-1,0,0,0,3,1,2,1,1,8,0,0,3,3,3,1,0,4,4,0,0,8
CAAATTGAGGGCAA-1,0,0,0,3,1,2,1,1,9,0,0,3,3,3,1,0,4,4,0,4,8
CAAATTGATGGAGG-1,2,3,4,2,0,3,5,3,6,1,1,0,0,0,3,3,3,1,2,5,6
CAACCAGAAAAGTG-1,0,0,0,3,1,2,1,1,8,0,0,3,3,3,1,0,4,4,0,0,0
CAACCAGAAGTGCT-1,0,0,0,3,1,4,3,6,3,0,0,3,3,3,1,0,4,4,0,0,7
CAACCAGAGTTCAG-1,2,3,4,2,0,3,7,10,1,1,1,0,0,0,8,8,8,3,2,5,6
CAACCAGATAGAAG-1,2,3,4,2,0,3,5,3,6,1,1,0,0,0,3,3,3,1,2,5,6
CAACCGCTGTTCAG-1,0,0,0,3,1,2,1,1,9,0,0,3,3,3,1,0,4,4,0,0,8
CAACCGCTTTGAGC-1,0,0,0,3,1,4,3,6,3,0,0,3,3,3,1,0,4,4,0,0,0
CAACGATGCGCAAT-1,2,3,2,4,6,7,8,9,11,1,1,0,6,6,6,6,6,6,2,2,2
CAACGTGACTCCAC-1,2,3,4,2,0,3,7,10,1,1,1,0,0,0,8,8,8,3,2,5,6
CAACGTGAGCCATA-1,0,4,5,6,2,0,4,2,2,0,0,2,2,2,2,2,0,11,3,4,5
CAACGTGATCAAGC-1,2,3,4,2,0,3,7,10,1,1,1,0,0,0,8,8,8,3,2,5,6
CAAGAAGACCACAA-1,0,0,0,6,2,0,4,4,2,0,0,2,2,2,2,2,0,8,3,4,5
CAAGAAGACGTCTC-1,2,3,2,4,0,7,7,10,1,1,1,0,0,0,8,8,8,3,2,2,2
CAAGAAGATTCTAC-1,0,0,0,3,1,2,1,1,8,0,0,3,3,3,1,0,4,4,0,0,4
CAAGACTGACCTGA-1,3,1,3,1,3,1,9,0,0,2,2,5,5,5,5,5,2,2,1,1,1
CAAGACTGAGTAGA-1,3,1,3,1,3,1,9,0,0,2,2,5,5,5,5,5,2,2,1,1,1
CAAGCTGACCATAG-1,2,3,2,4,6,7,8,9,11,1,1,0,6,6,6,6,6,6,2,2,2
CAAGCTGATCTATC-1,0,4,5,6,2,0,4,2,2,0,0,2,2,2,2,2,0,11,3,4,5
CAAGGACTGTTCAG-1,0,0,0,3,1,2,1,1,8,0,0,3,3,3,1,0,4,4,0,0,7
CAAGGACTTCTTTG-1,0,0,0,6,2,0,4,4,2,0,0,2,2,2,2,2,0,8,3,4,5
CAAGGTTGCTCCAC-1,0,0,0,3,1,4,3,6,3,0,0,3,3,3,1,0,5,5,0,0,0
CAAGGTTGTCATTC-1,3,1,3,1,3,1,9,0,0,2,2,5,5,5,5,5,2,2,1,1,1
CAAGGTTGTCTGGA-1,0,4,5,0,7,8,6,8,5,0,4,4,4,4,4,1,1,0,3,3,3
CAAGTCGAAACAGA-1,3,1,3,1,3,1,9,0,0,2,2,5,5,5,5,5,2,2,1,1,1
CAAGTCGATAGCGT-1,2,3,4,2,0,3,5,3,6,1,1,0,0,0,3,3,3,1,2,5,6
CAATAAACGCCATA-1,2,3,4,2,0,3,5,3,6,1,1,0,0,0,3,3,3,1,2,5,6
CAATAATGAACTGC-1,2,3,4,2,0,3,5,3,6,1,1,0,0,0,8,8,8,3,2,5,6
CAATATGACATGGT-1,0,0,0,3,1,4,3,6,3,0,0,3,3,3,1,0,4,4,0,0,7
CAATATGACCTTCG-1,0,4,5,0,7,8,6,2,5,0,0,2,2,2,2,2,0,11,3,4,3
CAATATGACGTTAG-1,0,0,0,3,1,2,1,1,9,0,0,3,3,3,1,0,4,4,0,0,7
CAATATGAGGAGCA-1,0,0,0,3,1,4,3,6,8,0,0,3,3,3,1,0,5,5,0,0,0
CAATCGGAGAAACA-1,0,0,0,3,1,2,3,6,3,0,0,3,3,3,1,0,4,4,0,0,8
CAATCTACTGACTG-1,0,4,5,0,7,8,6,8,5,0,4,4,4,4,4,1,1,0,3,3,3
CAATTCACCCAACA-1,0,4,5,6,2,0,4,2,2,0,0,2,2,2,2,2,0,11,3,4,5
CAATTCACGATAGA-1,0,0,0,3,1,2,1,1,8,0,0,3,3,3,1,0,4,4,0,0,0
CAATTCACTTGTGG-1,0,0,0,3,1,2,1,1,9,0,0,3,3,3,1,0,4,4,0,0,8
CAATTCTGCTTGTT-1,2,3,4,2,0,3,7,10,1,1,1,0,0,0,8,8,8,3,2,5,6
CAATTCTGGCGTAT-1,2,3,4,2,0,3,5,3,6,1,1,0,0,0,3,3,3,1,2,5,6
CACAACGATACGAC-1,0,0,0,3,1,2,1,1,8,0,0,3,3,3,1,0,4,4,0,0,7
CACAATCTTGTTCT-1,0,0,0,6,2,0,4,4,2,0,0,3,3,3,1,0,5,5,0,0,0
CACAATCTTTCCAT-1,0,0,0,6,2,0,4,4,2,0,0,2,2,2,2,2,0,8,3,4,5
CACACCTGCTTGAG-1,0,0,0,3,1,2,1,1,9,0,0,3,3,3,1,0,4,4,0,0,7
CACACCTGTATGGC-1,0,0,0,3,1,2,1,1,9,0,0,3,3,3,1,0,4,4,0,0,8
CACAGAACCCTTGC-1,0,0,0,6,2,0,4,4,2,2,2,5,5,5,5,5,2,2,1,1,1
CACAGAACCTGATG-1,0,0,0,3,1,4,3,6,3,0,0,3,3,3,1,0,5,5,0,0,0
CACAGATGGGATTC-1,0,0,0,3,1,4,3,6,8,0,0,3,3,3,1,0,4,4,0,0,0
CACAGATGGTTTCT-1,2,3,4,2,0,3,5,3,6,1,1,0,0,0,3,3,3,1,2,5,6
CACAGCCTGATACC-1,0,0,0,6,2,4,3,4,3,0,0,2,2,2,2,2,0,8,3,0,0
CACAGCCTTGCCAA-1,2,3,2,4,6,7,8,9,11,1,1,0,6,6,6,6,6,6,2,2,2
CACAGCCTTGTAGC-1,0,0,0,3,1,4,3,6,3,0,0,3,3,3,1,0,5,5,0,0,0
CACAGTGATGAAGA-1,2,3,4,2,0,3,7,10,1,1,1,0,0,0,8,8,8,3,2,5,6
CACATACTACAGCT-1,0,0,0,6,2,0,4,2,2,0,0,2,2,2,2,2,0,11,3,4,5
CACATGGAACACGT-1,0,0,0,3,1,4,3,6,8,0,0,3,3,3,1,0,4,4,0,0,0
CACATGGAAGTCGT-1,0,0,0,3,1,2,1,1,9,0,0,3,3,3,1,0,4,4,0,0,7
CACCACTGCCAACA-1,0,0,0,3,1,2,1,1,8,0,0,3,3,3,1,0,4,4,0,0,8
CACCACTGGCGAAG-1,0,4,5,6,2,0,4,4,2,0,4,4,4,4,4,1,1,0,3,3,3
CACCCATGTTCTGT-1,0,0,0,6,2,2,1,1,9,0,0,2,2,2,2,2,0,8,0,4,5
CACCGGGAATCGAC-1,0,0,0,3,1,4,3,6,3,0,0,3,3,3,1,0,4,4,0,0,0
CACCGGGACGAGAG-1,0,4,5,6,2,0,4,2,2,0,0,2,2,2,2,2,0,11,3,4,5
CACCGGGACGTGTA-1,0,0,0,3,1,2,1,1,8,0,0,3,3,3,1,0,4,4,0,0,8
CACCGGGACTTCTA-1,0,0,0,6,2,0,4,2,2,0,0,3,3,3,1,0,5,5,0,0,0
CACCGGGACTTGCC-1,0,4,5,6,2,0,4,2,2,0,0,2,2,2,2,2,0,11,3,4,5
CACCGGGATTCGGA-1,0,4,5,6,2,0,4,2,2,0,0,2,2,2,2,2,0,11,3,4,5
CACCGTACTAAGGA-1,3,1,3,1,3,1,9,0,0,2,2,5,5,5,5,5,2,2,1,1,1
CACCGTACTAGCGT-1,0,0,0,3,1,4,3,6,8,0,0,3,3,3,1,0,4,4,0,0,0
CACCTGACACCCAA-1,0,4,5,6,2,0,4,2,2,0,0,2,2,2,2,2,0,11,3,4,5
CACCTGACCAGAAA-1,0,0,0,3,1,4,3,6,3,0,0,3,3,3,1,0,4,4,0,0,7
CACCTGACCTCAAG-1,0,0,0,6,2,0,4,2,2,0,0,2,2,2,2,2,0,11,3,4,5
CACCTGACGAAAGT-1,3,1,3,1,3,1,9,0,0,2,2,5,5,5,5,5,2,2,1,1,1
CACCTGACTCGTAG-1,0,0,0,3,1,2,1,1,9,0,0,3,3,3,1,0,5,5,0,0,0
CACGAAACTTCCGC-1,3,1,3,1,3,1,9,0,0,2,2,5,5,5,5,5,2,2,1,1,1
CACGACCTCGATAC-1,3,1,3,1,3,1,9,0,0,2,2,5,5,5,5,5,2,2,1,1,1
CACGCTACAGAAGT-1,0,0,0,3,1,2,1,1,9,0,0,3,3,3,1,0,4,4,0,0,8
CACGCTACTGTTCT-1,3,1,3,1,3,1,9,0,0,2,2,5,5,5,5,5,2,2,1,1,1
CACGGGACAGAGTA-1,0,0,0,3,1,4,3,6,3,0,0,3,3,3,1,0,5,5,0,0,0
CACGGGACATAAGG-1,0,0,0,3,1,2,1,1,8,0,0,3,3,3,1,0,4,4,0,0,8
CACGGGACGTAGGG-1,0,0,0,3,1,4,3,6,3,0,0,3,3,3,1,0,4,4,0,0,0
CACGGGTGCTTCGC-1,0,4,5,6,2,0,4,2,2,0,0,2,2,2,2,2,0,11,3,4,5
CACGGGTGGAGGAC-1,0,4,5,6,2,0,4,2,2,0,0,2,2,2,2,2,0,8,3,4,5
CACGGGTGTGTTTC-1,0,0,0,3,1,2,1,1,9,0,0,3,3,3,1,0,4,4,0,0,8
CACTAACTCCTAAG-1,3,1,3,1,3,1,9,0,0,2,2,5,5,5,5,5,2,2,1,1,1
CACTAACTGAAAGT-1,0,0,0,3,1,4,3,6,8,0,0,3,3,3,1,0,5,5,0,0,0
CACTAGGATGATGC-1,3,1,3,1,3,1,9,0,0,2,2,5,5,5,5,5,2,2,1,1,1
CACTATACCCCGTT-1,3,1,3,1,3,1,9,0,0,2,2,5,5,5,5,5,2,2,1,1,1
CACTATACGTTTGG-1,0,0,0,6,2,0,4,2,2,0,0,2,2,2,2,2,0,11,3,4,5
CACTGAGACAGTCA-1,2,3,4,2,0,3,5,3,6,1,1,0,0,0,3,3,3,1,2,5,6
CACTGCACTTCATC-1,0,0,0,3,1,2,1,1,9,0,0,3,3,3,1,0,4,4,0,0,8
CACTGCTGAGACTC-1,2,3,2,4,6,7,8,9,11,1,1,0,6,6,6,6,6,6,2,2,2
CACTGCTGGAAAGT-1,0,0,0,3,1,4,3,6,3,0,0,3,3,3,1,0,5,5,0,0,0
CACTTAACCGAATC-1,0,0,0,3,1,4,3,6,3,0,0,3,3,3,1,0,5,5,0,0,0
CACTTAACCGTACA-1,3,1,3,1,3,1,9,0,0,2,2,5,5,5,5,5,2,2,1,1,1
CACTTTGACTCTAT-1,0,0,0,6,2,0,4,2,2,0,0,2,2,2,2,2,0,8,3,4,5
CACTTTGAGCTGTA-1,0,0,0,6,2,0,4,4,9,0,0,2,2,2,2,2,0,8,3,4,5
CAGAAGCTCTCAAG-1,0,0,0,3,1,2,1,1,9,0,0,3,3,3,1,0,4,4,0,0,8
CAGACATGAACGGG-1,0,0,0,3,1,2,1,1,9,0,0,3,3,3,1,0,5,5,0,0,7
CAGACATGTCGACA-1,0,0,0,3,1,4,3,6,3,0,0,3,3,3,1,0,5,5,0,0,0
CAGACCCTAAGGTA-1,2,3,2,4,6,7,8,9,11,1,1,0,6,6,6,6,6,6,2,2,2
CAGACCCTAATGCC-1,0,0,0,3,1,2,3,1,8,0,0,3,3,3,1,0,4,4,0,0,7
CAGACCCTAGGAGC-1,0,0,0,3,1,2,3,1,3,0,0,3,3,3,1,0,4,4,0,0,0
CAGACTGAGTATGC-1,0,0,0,3,1,2,3,1,8,0,0,3,3,3,1,0,4,4,0,0,7
CAGATCGAATGTCG-1,3,1,3,1,3,1,9,0,0,2,2,5,5,5,5,5,2,2,1,1,1
CAGATCGACCTGAA-1,0,0,0,6,2,0,4,4,9,0,0,2,2,2,2,2,0,8,3,4,5
CAGATCGATATGGC-1,0,0,0,3,1,4,3,6,3,0,0,3,3,3,1,0,5,5,0,0,8
CAGATGACATTCTC-1,0,4,5,0,7,8,6,8,5,0,4,4,4,4,4,1,1,0,3,3,3
CAGCAATGCCTTCG-1,0,0,0,3,1,4,3,6,3,0,0,3,3,3,1,0,4,4,0,0,0
CAGCAATGGAGGGT-1,0,4,5,0,7,8,6,8,5,0,4,4,4,4,4,1,1,0,3,3,3
CAGCAATGGTGCTA-1,0,0,0,3,1,4,3,6,3,0,0,3,3,3,1,0,4,4,0,0,8
CAGCAATGTCTACT-1,2,3,4,2,0,3,5,3,6,1,1,0,0,0,3,3,3,1,2,5,6
CAGCAATGTGACCA-1,0,0,0,3,1,2,1,1,9,0,0,3,3,3,1,0,4,4,0,0,8
CAGCAATGTGAGGG-1,2,3,4,2,0,3,5,3,6,1,1,0,0,0,3,3,3,1,2,5,6
CAGCACCTAAGCCT-1,0,0,0,3,1,2,3,1,3,0,0,3,3,3,1,0,5,5,0,0,4
CAGCACCTAGGCGA-1,0,0,0,3,1,2,1,1,9,0,0,3,3,3,1,0,4,4,0,0,8
CAGCACCTGTAGGG-1,2,3,4,2,0,3,7,10,1,1,1,0,0,0,8,8,8,3,2,5,6
CAGCATGACAACCA-1,2,3,4,2,0,3,7,10,1,1,1,0,0,0,8,8,8,3,2,5,6
CAGCATGAGACGTT-1,0,0,0,6,2,0,4,4,2,0,0,2,2,2,2,2,0,8,3,4,5
CAGCCTACCCAACA-1,0,0,0,3,1,4,3,6,3,0,0,3,3,3,1,0,5,5,0,0,0
CAGCCTTGCTACCC-1,2,3,4,2,0,3,5,3,6,1,1,0,0,0,3,3,3,1,2,5,6
CAGCCTTGGGGACA-1,0,0,0,3,1,4,3,6,3,0,0,3,3,3,1,0,4,4,0,0,0
CAGCGGACACCCTC-1,0,0,0,3,1,2,1,1,9,0,0,3,3,3,1,0,4,4,0,0,4
CAGCGGACCTTTAC-1,0,4,5,0,7,8,6,8,5,0,4,4,4,4,4,1,1,0,3,3,3
CAGCGTCTAAAGCA-1,0,0,0,3,1,4,3,6,8,0,0,3,3,3,1,0,4,4,0,0,4
CAGCGTCTTATCGG-1,0,0,0,3,1,4,3,6,8,0,0,3,3,3,1,0,5,5,0,0,7
CAGCTAGATGTGAC-1,2,3,4,2,0,3,5,3,6,1,1,0,0,0,3,3,3,1,2,5,6
CAGCTCTGAGGCGA-1,0,0,0,3,1,4,3,6,3,0,0,3,3,3,1,0,5,5,0,0,8
CAGCTCTGCAAGCT-1,0,0,0,6,2,0,4,2,2,0,0,2,2,2,2,2,0,11,3,4,5
CAGCTCTGTCGTAG-1,2,3,4,2,0,3,7,10,1,1,1,0,0,0,8,8,8,3,2,5,6
CAGCTCTGTGTGGT-1,0,4,5,0,7,8,6,8,5,0,4,4,4,4,4,1,1,0,3,3,3
CAGGAACTAACTGC-1,0,0,0,6,2,0,4,4,2,0,0,2,2,2,2,2,0,8,3,4,5
CAGGAACTCTCAGA-1,2,3,4,2,0,3,5,3,6,1,1,0,0,0,8,8,8,3,2,5,6
CAGGCCGAACACCA-1,0,0,0,3,1,4,3,6,8,0,0,3,3,3,1,0,5,5,0,0,7
CAGGCCGAACACGT-1,0,0,0,3,1,4,3,6,3,0,0,3,3,3,1,0,4,4,0,0,0
CAGGCCGAACGACT-1,0,0,0,3,1,2,1,1,9,0,0,3,3,3,1,0,4,4,0,0,0
CAGGCCGAATCTCT-1,2,3,2,4,6,7,5,3,6,1,1,0,0,0,3,3,3,1,2,5,6
CAGGCCGACTAGCA-1,3,1,3,1,3,1,9,0,0,2,2,5,5,5,5,5,2,2,1,1,1
CAGGGCACCATACG-1,3,1,3,1,3,1,9,0,0,2,2,5,5,5,5,5,2,2,1,1,1
CAGGGCACCCAACA-1,0,0,0,3,1,2,1,1,8,0,0,3,3,3,1,0,4,4,0,0,8
CAGGGCACTCCCGT-1,0,0,0,3,1,4,3,6,3,0,0,3,3,3,1,0,4,4,0,0,7
CAGGTAACAGACTC-1,2,3,4,2,0,3,7,10,1,1,1,0,0,0,8,8,8,3,2,5,2
CAGGTATGAGTCGT-1,0,0,0,3,1,2,1,1,9,0,0,3,3,3,1,0,4,4,0,4,4
CAGGTATGTGCTTT-1,0,0,0,3,1,4,3,6,3,0,0,3,3,3,1,0,5,5,0,0,0
CAGGTTGAGGATCT-1,3,1,3,1,3,1,9,0,0,2,2,5,5,5,5,5,2,2,1,1,1
CAGTGATGGACGGA-1,3,1,3,1,3,1,9,0,0,2,2,5,5,5,5,5,2,2,1,1,1
CAGTGATGGCTAAC-1,0,4,5,6,2,0,4,2,2,0,0,2,2,2,2,2,0,11,3,4,5
CAGTGATGGGACAG-1,0,0,0,3,1,4,3,6,3,0,0,3,3,3,1,0,5,5,0,0,4
CAGTGATGTAAGGA-1,3,1,3,1,3,1,9,0,0,2,2,5,5,5,5,5,2,2,1,1,1
CAGTGATGTACGCA-1,3,1,0,3,1,2,1,1,9,2,2,5,5,5,5,5,2,2,0,0,8
CAGTGTGATGTCAG-1,0,0,0,3,1,2,1,1,9,0,0,3,3,3,1,0,4,4,0,0,8
CAGTTACTAAGGTA-1,3,1,3,1,3,1,9,0,0,2,2,5,5,5,5,5,2,2,1,1,1
CAGTTACTGATAGA-1,0,0,0,3,1,4,3,6,3,0,0,3,3,3,1,0,4,4,0,0,0
CAGTTGGAAAGAGT-1,2,3,2,4,6,7,7,10,1,1,1,0,0,0,8,8,8,3,2,5,2
CAGTTGGACATACG-1,0,0,0,3,1,4,3,6,8,0,0,3,3,3,1,0,5,5,0,0,0
CAGTTTACACACGT-1,0,4,5,0,7,8,6,8,5,0,4,4,4,4,4,1,1,0,3,3,3
CAGTTTACCCCAAA-1,0,0,0,3,1,2,1,1,9,0,0,3,3,3,1,0,4,4,0,0,8
CATAAAACGGAGCA-1,2,3,4,2,0,3,5,3,6,1,1,0,0,0,8,8,8,3,2,5,6
CATAAATGAACTGC-1,0,0,0,3,1,2,1,1,9,0,0,3,3,3,1,0,4,4,0,0,0
CATAACCTTCTCCG-1,0,0,0,3,1,4,3,6,8,0,0,3,3,3,1,0,5,5,0,0,7
CATACTACCTCGAA-1,0,0,0,3,1,2,1,1,9,0,0,3,3,3,1,0,4,4,0,0,8
CATACTACCTGAAC-1,0,0,0,3,1,2,1,1,8,0,0,3,3,3,1,0,4,4,0,0,8
CATACTACGTACCA-1,2,3,4,2,0,3,5,3,6,1,1,0,0,0,3,3,3,1,2,5,6
CATACTTGGGTTAC-1,2,3,2,4,6,7,8,9,11,1,1,0,6,6,6,6,6,6,2,2,2
CATAGTCTAATCGC-1,0,0,0,3,1,2,1,1,9,0,0,3,3,3,1,0,4,4,0,0,0
CATAGTCTCACTTT-1,0,0,0,3,1,4,3,6,3,0,0,3,3,3,1,0,4,4,0,0,4
CATATAGACTAAGC-1,2,3,2,2,5,5,0,5,10,1,1,0,0,7,7,7,7,7,4,6,9
CATATAGATCAGGT-1,3,1,3,1,3,1,9,0,0,2,2,5,5,5,5,5,2,2,1,1,1
CATCAACTAGAAGT-1,0,0,0,3,1,4,3,6,3,0,0,3,3,3,1,0,5,5,0,0,0
CATCAACTCCCTCA-1,0,0,0,3,1,2,3,1,9,0,0,3,3,3,1,0,4,4,0,0,7
CATCAGGACTTCCG-1,0,4,5,0,7,8,6,8,5,0,4,4,4,4,4,1,1,0,3,3,3
CATCAGGATAGCCA-1,0,4,5,0,7,8,6,8,5,0,4,4,4,4,4,1,1,0,3,3,3
CATCAGGATCCTAT-1,2,3,2,4,6,7,8,9,11,1,1,0,6,6,6,6,6,6,2,2,2
CATCAGGATGCACA-1,2,3,2,4,0,7,7,10,1,1,1,0,0,0,8,8,8,3,2,5,6
CATCAGGATTTCGT-1,2,3,4,2,0,3,5,3,6,1,1,0,0,0,3,3,3,1,2,5,6
CATCATACCGCATA-1,2,3,2,4,6,7,7,10,1,1,1,0,0,0,8,8,8,3,2,2,2
CATCATACGGAGCA-1,3,1,3,1,3,1,9,0,0,2,2,5,5,5,5,5,2,2,1,1,1
CATCATACTCAAGC-1,0,0,0,3,1,4,3,6,8,0,0,3,3,3,1,0,5,5,0,0,0
CATCGCTGGGATCT-1,0,0,0,3,1,4,3,6,3,0,0,3,3,3,1,0,4,4,0,0,0
CATCGCTGTGGCAT-1,3,1,3,1,3,1,9,0,0,2,2,5,5,5,5,5,2,2,1,1,1
CATCGGCTATGCTG-1,0,0,0,3,1,4,3,6,8,0,0,3,3,3,1,0,5,5,0,0,7
CATCGGCTTTGGCA-1,0,0,0,3,1,2,1,1,9,0,0,3,3,3,1,0,4,4,0,0,8
CATCTCCTATGTGC-1,3,1,3,1,3,1,9,0,0,2,2,5,5,5,5,5,2,2,1,1,1
CATCTCCTCGAACT-1,2,3,2,4,6,7,8,9,11,1,1,0,6,6,6,6,6,6,2,2,2
CATGAGACACGGGA-1,3,1,3,1,3,1,9,0,0,2,2,5,5,5,5,5,2,2,1,1,1
CATGAGACGTTGAC-1,0,4,5,0,7,8,6,8,5,0,4,4,4,4,4,1,1,0,3,3,3
CATGAGACTCGCCT-1,0,0,0,3,1,2,1,1,9,0,0,3,3,3,1,0,4,4,0,0,8
CATGCCACGGGTGA-1,0,0,0,3,1,2,1,1,9,0,0,3,3,3,1,0,4,4,0,0,8
CATGCCACTGCCAA-1,0,0,0,3,1,4,3,6,3,0,0,3,3,3,1,0,5,5,0,0,0
CATGCGCTAGTCAC-1,2,3,2,4,6,7,8,9,11,1,1,0,6,6,6,6,6,6,2,2,2
CATGCGCTCAGATC-1,2,3,4,2,0,3,5,3,6,1,1,0,0,0,8,8,8,3,2,5,6
CATGCGCTTTGCAG-1,2,3,2,4,6,7,8,9,11,1,1,0,6,6,6,6,6,6,2,2,2
CATGGCCTAGGGTG-1,2,3,4,2,0,3,5,3,6,1,1,0,0,0,3,3,3,1,2,5,6
CATGGCCTGTGCAT-1,0,0,0,3,1,2,1,1,8,0,0,3,3,3,1,0,4,4,0,0,4
CATGTACTATCGTG-1,0,4,5,6,2,0,4,2,2,0,0,2,2,2,2,2,0,11,3,4,5
CATGTTACAGTCGT-1,0,0,0,6,2,0,4,4,2,0,0,2,2,2,2,2,0,11,3,4,5
CATGTTACCTGAGT-1,0,0,0,3,1,2,1,1,9,0,0,3,3,3,1,0,4,4,0,0,8
CATGTTTGGGGATG-1,2,3,4,2,0,3,5,10,6,1,1,0,0,0,3,3,3,1,2,5,6
CATTACACACGGAG-1,3,1,3,1,3,1,9,0,0,2,2,5,5,5,5,5,2,2,1,1,1
CATTACACCAACTG-1,0,4,5,0,7,8,6,8,5,0,4,4,4,4,4,1,1,0,3,3,3
CATTACACGGAGTG-1,0,0,0,3,1,4,3,6,8,0,0,3,3,3,1,0,4,4,0,0,0
CATTACACTACTCT-1,0,0,0,3,1,2,1,1,8,0,0,3,3,3,1,0,5,5,0,0,4
CATTAGCTCCACAA-1,2,3,4,2,0,3,7,10,1,1,1,0,0,0,8,8,8,3,2,5,6
CATTGACTAGCGGA-1,2,3,4,2,0,3,5,3,6,1,1,0,0,0,3,3,3,1,2,5,6
CATTGGGACTCGAA-1,0,0,0,3,1,2,3,1,3,0,0,3,3,3,1,0,4,4,0,0,4
CATTGTACAGCGTT-1,0,0,0,3,1,2,1,1,9,0,0,3,3,3,1,0,4,4,0,0,8
CATTGTACTCGATG-1,3,1,3,1,3,1,9,0,0,2,2,5,5,5,5,5,2,2,1,1,1
CATTGTACTTATCC-1,0,0,0,3,1,2,1,1,9,0,0,3,3,3,1,0,4,4,0,0,8
CATTGTACTTTGCT-1,2,3,2,4,6,7,8,9,11,1,1,0,6,6,6,6,6,6,2,2,2
CATTGTTGCTAGTG-1,0,0,0,3,1,2,1,1,9,0,0,3,3,3,1,0,4,4,0,0,0
CATTTCGACTCTAT-1,0,0,0,6,2,0,4,4,2,0,0,2,2,2,2,2,0,8,3,4,5
CATTTCGAGATACC-1,0,4,5,0,7,8,6,8,5,0,4,4,4,4,4,1,1,0,3,3,3
CATTTGACCACACA-1,0,0,0,6,2,0,4,2,2,0,0,2,2,2,2,2,0,11,3,4,5
CATTTGACCCTGAA-1,0,0,0,6,2,0,4,4,2,0,0,2,2,2,2,2,0,8,3,4,5
CATTTGTGACGACT-1,3,1,3,1,3,1,9,0,0,2,2,5,5,5,5,5,2,2,1,1,1
CATTTGTGCATTGG-1,0,0,0,3,1,4,3,6,8,0,0,3,3,3,1,0,4,4,0,0,7
CATTTGTGCGGAGA-1,0,0,0,3,1,2,1,1,8,0,0,3,3,3,1,0,5,5,0,0,7
CATTTGTGGGATCT-1,3,1,3,1,3,1,9,0,0,2,2,5,5,5,5,5,2,2,1,1,1
CCAAAGTGCTACGA-1,2,3,4,2,0,3,7,10,1,1,1,0,0,0,8,8,8,3,2,2,2
CCAAAGTGTGAGAA-1,2,3,4,2,0,3,5,3,6,1,1,0,0,0,3,3,3,1,2,5,6
CCAACCTGAAGTAG-1,0,4,5,6,2,0,4,2,2,0,0,2,2,2,2,2,0,11,3,4,5
CCAACCTGACGTAC-1,2,3,4,2,0,3,5,3,6,1,1,0,0,0,3,3,3,1,2,5,6
CCAACCTGTTCGCC-1,2,3,4,2,0,3,5,3,6,1,1,0,0,0,3,3,3,1,2,5,6
CCAAGAACCCAATG-1,0,0,0,3,1,2,1,1,9,0,0,3,3,3,1,0,4,4,0,0,8
CCAAGAACGTAGCT-1,0,0,0,3,1,4,3,6,3,0,0,3,3,3,1,0,5,5,0,0,0
CCAAGAACGTGTCA-1,0,0,0,3,1,2,1,1,9,0,0,3,3,3,1,0,5,5,0,0,0
CCAAGAACTACTGG-1,0,4,5,6,2,0,4,2,2,0,4,4,4,4,4,1,1,0,3,4,5
CCAAGAACTCCTAT-1,3,1,3,1,3,1,9,0,0,2,2,5,5,5,5,5,2,2,1,1,1
CCAAGATGTCATTC-1,0,0,0,3,1,4,3,6,3,0,0,3,3,3,1,0,4,4,0,0,4
CCAAGATGTTTCAC-1,0,0,0,3,1,2,1,1,8,0,0,3,3,3,1,0,4,4,0,0,4
CCAAGTGAGGAACG-1,0,0,0,3,1,2,1,1,8,0,0,3,3,3,1,0,4,4,0,0,8
CCAAGTGATCAAGC-1,0,0,0,3,1,4,3,6,8,0,0,3,3,3,1,0,4,4,0,0,0
CCAATTTGAACGTC-1,2,3,4,2,0,3,5,3,6,1,1,0,0,0,8,8,8,3,2,5,6
CCACCATGAACGTC-1,0,0,0,3,1,2,1,1,8,0,0,3,3,3,1,0,4,4,0,0,4
CCACCATGATCGGT-1,0,0,0,3,1,2,1,1,9,0,0,3,3,3,1,0,4,4,0,0,8
CCACCATGGACGAG-1,2,3,2,4,6,7,8,9,11,1,1,0,6,6,6,6,6,6,2,2,2
CCACCATGGGGAGT-1,0,0,0,3,1,2,1,1,9,0,0,3,3,3,1,0,4,4,0,0,8
CCACCATGTCCTGC-1,0,4,5,6,2,0,4,2,2,0,0,2,2,2,2,2,0,11,3,4,5
CCACTGACCCGCTT-1,2,3,4,2,0,3,5,3,6,1,1,0,0,0,3,3,3,1,2,5,6
CCACTGTGGGAAGC-1,2,3,4,2,0,3,5,3,6,1,1,0,0,0,3,3,3,1,2,5,6
CCACTGTGTGTAGC-1,0,0,0,3,1,2,1,1,9,0,0,3,3,3,1,0,5,5,0,0,4
CCACTTCTCGGGAA-1,2,3,4,2,0,3,7,10,1,1,1,0,0,0,8,8,8,3,2,5,6
CCAGAAACCCTGTC-1,3,1,3,1,3,1,9,0,0,2,2,5,5,5,5,5,2,2,1,1,1
CCAGAAACGAACTC-1,0,0,0,3,1,4,3,6,3,0,0,3,3,3,1,0,5,5,0,0,0
CCAGAAACGGTCTA-1,0,0,0,3,1,2,1,1,8,0,0,3,3,3,1,0,4,4,0,0,8
CCAGACCTCTGAGT-1,2,3,4,2,0,3,5,3,6,1,1,0,0,0,3,3,3,1,2,5,6
CCAGACCTTGTGGT-1,0,0,0,3,1,2,1,1,9,0,0,3,3,3,1,0,5,5,0,0,0
CCAGCACTGCGATT-1,2,3,2,4,6,7,8,9,11,1,1,0,0,0,8,8,8,3,2,2,2
CCAGCGGAAAGGCG-1,2,3,4,2,0,3,5,3,6,1,1,0,0,0,3,3,3,1,2,5,6
CCAGCGGACGACTA-1,2,3,4,2,0,3,5,3,6,1,1,0,0,0,3,3,3,1,2,5,6
CCAGCGGATGGGAG-1,0,0,0,3,1,4,3,6,8,0,0,3,3,3,1,0,5,5,0,0,8
CCAGCTACACAGTC-1,0,0,0,3,1,2,1,1,9,0,0,3,3,3,1,0,4,4,0,0,7
CCAGCTACCAGCTA-1,3,1,3,1,3,1,9,0,0,2,2,5,5,5,5,5,2,2,1,1,1
CCAGGTCTACACCA-1,3,1,3,1,3,1,9,0,0,2,2,5,5,5,5,5,2,2,1,1,1
CCAGGTCTAGCATC-1,2,3,4,2,0,3,7,10,1,1,1,0,0,0,3,3,3,1,2,5,6
CCAGGTCTATGGTC-1,0,0,0,3,1,2,1,1,8,0,0,3,3,3,1,0,4,4,0,0,0
CCAGTCACACTGGT-1,2,3,4,2,0,3,5,3,6,1,1,0,0,0,3,3,3,1,2,5,6
CCAGTCACACTGTG-1,3,1,3,1,3,1,9,0,0,2,2,5,5,5,5,5,2,2,1,1,1
CCAGTCACGTTGTG-1,0,0,0,3,1,2,1,1,8,0,0,3,3,3,1,0,5,5,0,0,4
CCAGTGCTAACCAC-1,0,0,0,3,1,4,3,6,3,0,0,3,3,3,1,0,5,5,0,0,0
CCAGTGCTCGTAGT-1,0,0,0,3,1,4,3,6,3,0,0,3,3,3,1,0,4,4,0,0,7
CCATCCGAAAGCAA-1,0,0,0,3,1,2,1,1,9,0,0,3,3,3,1,0,4,4,0,0,0
CCATCCGAACGACT-1,0,0,0,3,1,2,1,1,9,0,0,2,2,2,2,2,0,8,3,4,5
CCATCCGAAGGTTC-1,3,1,3,1,3,1,9,0,0,2,2,5,5,5,5,5,2,2,1,1,1
CCATCCGATTCGCC-1,2,3,4,2,0,3,5,3,6,1,1,0,0,0,3,3,3,1,2,5,6
CCATCGTGAACGGG-1,0,0,0,3,1,4,3,6,3,0,0,3,3,3,1,0,5,5,0,0,0
CCATCGTGCTAGAC-1,2,3,2,4,6,7,8,9,11,1,1,0,0,0,8,8,8,3,2,2,2
CCCAACACCTCGCT-1,3,1,3,1,3,1,9,0,0,2,2,5,5,5,5,5,2,2,1,1,1
CCCAACACGCATCA-1,0,0,0,3,1,4,3,6,8,0,0,3,3,3,1,0,5,5,0,0,7
CCCAACACTTTGTC-1,2,3,4,2,0,3,7,10,1,1,1,0,0,0,8,8,8,3,2,5,6
CCCAACTGCAATCG-1,2,3,4,2,0,3,5,3,6,1,1,0,0,0,3,3,3,1,2,5,6
CCCAGACTGCCTTC-1,2,3,2,4,6,7,7,10,1,1,1,0,0,0,8,8,8,3,2,2,2
CCCAGACTGGTTTG-1,3,1,3,1,3,1,9,0,0,2,2,5,5,5,5,5,2,2,1,1,1
CCCAGACTTTCGCC-1,2,3,2,4,6,7,8,9,11,1,1,0,6,6,6,6,6,6,2,2,2
CCCAGTTGCAGTTG-1,2,3,4,2,0,3,7,10,1,1,1,0,0,0,8,8,8,3,2,5,6
CCCAGTTGGGTACT-1,0,0,0,6,2,0,4,4,3,0,0,2,2,2,2,2,0,8,0,0,4
CCCAGTTGTCTATC-1,3,1,3,1,3,1,9,0,0,2,2,5,5,5,5,5,2,2,1,1,1
CCCGATTGTGTTTC-1,0,0,0,3,1,2,1,1,8,0,0,3,3,3,1,0,4,4,0,0,7
CCCGGAGAAGGGTG-1,2,3,4,2,0,3,5,3,6,1,1,0,0,0,3,3,3,1,2,5,6
CCCTACGAATTGGC-1,2,3,4,2,0,3,5,10,6,1,1,0,0,0,8,8,8,3,2,5,6
CCCTAGTGCAAAGA-1,0,0,0,3,1,4,3,6,3,0,0,3,3,3,1,0,4,4,0,0,0
CCCTCAGACACTTT-1,3,1,3,1,3,1,9,0,0,2,2,5,5,5,5,5,2,2,1,1,1
CCCTCAGACGAGAG-1,0,0,0,3,1,2,3,1,8,0,0,3,3,3,1,0,4,4,0,0,0
CCCTCAGAGGTCAT-1,0,0,0,3,1,2,1,1,9,0,0,3,3,3,1,0,4,4,0,0,8
CCCTGAACTAAAGG-1,3,1,3,1,3,1,9,0,0,2,2,5,5,5,5,5,2,2,1,1,1
CCCTGATGCAACCA-1,0,0,0,3,1,2,1,1,8,0,0,3,3,3,1,0,5,5,0,0,4
CCCTGATGCAAGCT-1,3,1,3,1,3,1,9,0,0,2,2,5,5,5,5,5,2,2,1,1,1
CCCTTACTAACCAC-1,2,3,4,2,0,3,7,10,1,1,1,0,0,0,8,8,8,3,2,5,6
CCCTTACTGCAGTT-1,0,0,0,6,2,2,1,4,9,0,0,2,2,2,2,2,0,8,0,4,5
CCGAAAACCTTGTT-1,2,3,2,4,6,7,8,9,11,1,1,0,0,0,8,8,8,3,2,2,2
CCGACACTGGTTTG-1,0,0,0,3,1,4,3,6,3,0,0,3,3,3,1,0,5,5,0,0,7
CCGACTACCCAGTA-1,2,3,4,2,0,3,7,10,1,1,1,0,0,0,8,8,8,3,2,5,6
CCGACTACCGTGTA-1,0,0,0,3,1,2,1,1,9,0,0,3,3,3,1,0,4,4,0,0,8
CCGACTACTGAGGG-1,0,0,0,3,1,4,3,6,3,0,0,3,3,3,1,0,4,4,0,0,0
CCGATAGACCTAAG-1,0,0,0,3,1,2,1,1,9,0,0,3,3,3,1,0,4,4,0,0,8
CCGATAGAGTTGGT-1,2,3,2,4,6,7,7,9,11,1,1,0,0,0,8,8,8,3,2,2,2
CCGCGAGACACACA-1,2,3,4,2,0,3,7,10,1,1,1,0,0,0,3,3,3,1,2,5,6
CCGCGAGAGGTTCA-1,0,0,0,6,2,0,4,4,2,0,0,2,2,2,2,2,0,8,3,4,5
CCGCTATGGGACGA-1,3,1,3,1,3,1,9,0,0,2,2,5,5,5,5,5,2,2,1,1,1
CCGCTATGTGCAAC-1,2,3,4,2,0,3,7,10,1,1,1,0,0,0,8,8,8,3,2,5,6
CCGCTATGTGCACA-1,2,3,4,2,0,3,7,10,1,1,1,0,0,0,3,3,3,1,2,5,6
CCGGTACTGTCCTC-1,0,0,0,3,1,2,1,1,8,0,0,3,3,3,1,0,4,4,0,0,0
CCGTACACAAGCAA-1,0,0,0,3,1,2,1,1,8,0,0,3,3,3,1,0,4,4,0,0,7
CCGTACACAGCGTT-1,3,1,3,1,3,1,9,0,0,2,2,5,5,5,5,5,2,2,1,1,1
CCGTACACGTCATG-1,0,4,5,6,2,0,4,2,2,0,0,2,2,2,2,2,0,11,3,4,5
CCGTACACGTTGGT-1,2,3,4,2,0,3,7,10,1,1,1,0,0,0,8,8,8,3,2,5,6
CCGTACACTAACGC-1,0,0,0,6,2,0,4,4,2,0,0,2,2,2,2,2,0,8,0,0,0
CCTAAACTTTCGTT-1,0,0,0,3,1,2,1,1,9,0,0,3,3,3,1,0,4,4,0,0,8
CCTAAGGACCCAAA-1,0,0,0,3,1,2,1,1,9,0,0,3,3,3,1,0,4,4,0,0,4
CCTAAGGACTAGCA-1,2,3,4,2,0,3,5,3,6,1,1,0,0,0,3,3,3,1,2,5,6
CCTAAGGAGGGCAA-1,0,0,0,6,2,0,4,4,2,0,0,2,2,2,2,2,0,8,0,0,8
CCTAAGGATGATGC-1,0,0,0,3,1,4,3,6,8,0,0,3,3,3,1,0,5,5,0,0,4
CCTAAGGATGTCAG-1,0,0,0,3,1,2,1,1,9,0,0,3,3,3,1,0,4,4,0,0,4
CCTACCGACTCTTA-1,0,0,0,3,1,2,1,1,9,0,0,3,3,3,1,0,4,4,0,0,8
CCTACCGAGGGATG-1,3,1,3,1,3,1,9,0,0,2,2,5,5,5,5,5,2,2,1,1,1
CCTAGAGAGGTGAG-1,3,1,3,1,3,1,9,0,0,2,2,5,5,5,5,5,2,2,1,1,1
CCTATAACCAAAGA-1,0,0,0,3,1,2,1,1,8,0,0,3,3,3,1,0,4,4,0,0,0
CCTATAACGAGACG-1,2,3,2,4,6,7,8,9,11,1,1,0,0,0,3,3,3,1,2,5,6
CCTATAACTCAGAC-1,0,0,0,3,1,2,1,1,8,0,0,3,3,3,1,0,4,4,0,0,7
CCTATAACTGCATG-1,2,3,2,4,6,7,8,9,11,1,1,0,0,0,3,3,3,1,2,5,6
CCTCGAACACTTTC-1,0,4,5,0,7,8,6,8,5,0,4,4,4,4,4,1,1,0,3,3,3
CCTCGAACCCGTAA-1,2,3,4,2,0,3,5,3,6,1,1,0,0,0,3,3,3,1,2,5,6
CCTCGAACGTATCG-1,0,0,0,3,1,2,3,6,8,0,0,3,3,3,1,0,4,4,0,0,0
CCTCGAACTTACTC-1,0,0,0,3,1,4,3,6,3,0,0,3,3,3,1,0,5,5,0,0,0
CCTCTACTCTTCGC-1,2,3,4,2,0,3,7,10,1,1,1,0,0,0,8,8,8,3,2,5,6
CCTCTACTGGCATT-1,0,0,0,3,1,2,1,1,8,0,0,3,3,3,1,0,4,4,0,0,8
CCTGACTGAAGTAG-1,0,0,0,6,2,0,4,4,2,0,0,2,2,2,2,2,0,8,3,4,5
CCTGACTGGGGAGT-1,0,0,0,3,1,2,1,1,8,0,0,3,3,3,1,0,5,5,0,0,4
CCTGACTGTGTCTT-1,3,1,3,1,3,1,9,0,0,2,2,5,5,5,5,5,2,2,1,1,1
CCTGCAACACGTTG-1,2,3,4,2,0,3,7,10,1,1,1,0,0,0,8,8,8,3,2,5,6
CCTGGACTCGTGAT-1,0,0,0,3,1,2,1,1,9,0,0,3,3,3,1,0,4,4,0,0,7
CCTTAATGCCCAAA-1,3,1,3,1,3,1,9,0,0,2,2,5,5,5,5,5,2,2,1,1,1
CCTTAATGTTCTAC-1,2,3,2,4,6,7,8,9,11,1,1,0,6,6,6,6,6,6,2,2,2
CCTTCACTACGACT-1,0,0,0,3,1,2,1,1,8,0,0,3,3,3,1,0,4,4,0,0,8
CCTTCACTCAGTCA-1,3,1,3,1,3,1,9,0,0,2,2,5,5,5,5,5,2,2,1,1,1
CCTTCACTGGAGTG-1,2,3,4,2,0,3,5,3,6,1,1,0,0,0,3,3,3,1,2,5,6
CCTTTAGATTCATC-1,2,3,4,2,0,3,7,10,1,1,1,0,0,0,8,8,8,3,2,5,6
CGAACATGCCCTAC-1,2,3,2,4,6,7,7,10,1,1,1,0,6,6,6,6,6,6,2,2,2
CGAACATGTCAGAC-1,0,0,0,3,1,4,3,6,3,0,0,3,3,3,1,0,4,4,0,0,8
CGAAGACTGGAACG-1,0,0,0,6,2,0,4,4,2,0,0,2,2,2,2,2,0,8,3,4,5
CGAAGACTGTTACG-1,0,0,0,3,1,2,3,1,9,0,0,3,3,3,1,0,4,4,0,0,8
CGAAGGGAAACCTG-1,0,0,0,6,2,0,4,2,2,0,0,2,2,2,2,2,0,11,3,4,5
CGAAGGGATCCGAA-1,3,1,3,1,3,1,9,0,0,2,2,5,5,5,5,5,2,2,1,1,1
CGAAGTACCAACTG-1,3,1,3,1,3,1,9,0,0,2,2,5,5,5,5,5,2,2,1,1,1
CGAATCGAGGAGCA-1,2,3,4,2,0,3,5,3,6,1,1,0,0,0,3,3,3,1,2,5,6
CGAATCGAGGAGGT-1,0,0,0,3,1,2,1,1,8,0,0,3,3,3,1,0,4,4,0,0,0
CGACAAACCCATAG-1,0,0,0,3,1,2,1,1,9,0,0,3,3,3,1,0,4,4,0,0,8
CGACAAACCGACAT-1,3,1,3,1,3,1,9,0,0,2,2,5,5,5,5,5,2,2,1,1,1
CGACCACTAAAGTG-1,0,4,5,0,7,8,6,8,5,0,4,4,4,4,4,1,1,0,3,3,3
CGACCACTGCCAAT-1,0,4,5,0,7,8,6,8,5,0,4,4,4,4,4,1,1,0,3,3,3
CGACCGGAAGGTCT-1,0,0,0,3,1,2,3,1,8,0,0,3,3,3,1,0,4,4,0,0,4
CGACCGGATGGAAA-1,0,0,0,3,1,4,3,6,3,0,0,3,3,3,1,0,5,5,0,0,0
CGACCTTGCTAGTG-1,0,0,0,3,1,4,3,6,3,0,0,3,3,3,1,0,4,4,0,0,7
CGACGTCTATCGTG-1,0,0,0,6,2,0,4,4,2,0,0,2,2,2,2,2,0,8,0,0,8
CGACGTCTCGTGTA-1,0,0,0,3,1,2,1,1,9,0,0,3,3,3,1,0,4,4,0,0,7
CGACGTCTGAGGCA-1,0,0,0,3,1,2,1,1,9,0,0,3,3,3,1,0,4,4,0,0,8
CGACTCACGTCGTA-1,0,0,0,3,1,2,1,1,9,0,0,3,3,3,1,0,4,4,0,0,8
CGACTCACGTTGCA-1,0,0,0,3,1,2,1,1,9,0,0,3,3,3,1,0,4,4,0,0,8
CGACTCTGTGTGAC-1,0,0,0,3,1,4,3,6,3,0,0,3,3,3,1,0,5,5,0,0,0
CGACTGCTTCCTCG-1,2,3,4,2,0,3,5,3,6,1,1,0,0,0,3,3,3,1,2,5,6
CGAGAACTAAGGCG-1,0,0,0,6,2,0,4,2,2,0,0,2,2,2,2,2,0,11,3,4,5
CGAGAACTACGTTG-1,0,0,0,3,1,2,1,1,9,0,0,3,3,3,1,0,4,4,0,0,8
CGAGAACTTGTTCT-1,2,3,4,2,0,3,7,10,1,1,1,0,0,0,8,8,8,3,2,5,6
CGAGATTGGACACT-1,0,4,5,6,2,0,4,2,2,0,0,2,2,2,2,2,0,11,3,4,5
CGAGATTGGCCATA-1,0,0,0,6,2,0,4,2,2,0,0,2,2,2,2,2,0,11,3,4,5
CGAGCCGAACACCA-1,0,0,0,3,1,2,1,1,9,0,0,3,3,3,1,0,4,4,0,0,8
CGAGCCGAGGCGAA-1,0,0,0,3,1,2,3,1,9,0,0,3,3,3,1,0,5,5,0,0,4
CGAGCGTGCTCCAC-1,0,0,0,3,1,4,3,6,3,0,0,3,3,3,1,0,5,5,0,0,0
CGAGCGTGGATACC-1,0,0,0,3,1,4,3,6,3,0,0,3,3,3,1,0,5,5,0,0,0
CGAGCGTGTATGCG-1,2,3,4,2,0,3,5,3,6,1,1,0,0,0,3,3,3,1,2,5,6
CGAGGAGACCTCCA-1,3,1,3,1,3,1,9,0,0,2,2,5,5,5,5,5,2,2,1,1,1
CGAGGAGATGTCGA-1,0,0,0,3,1,2,1,1,9,0,0,3,3,3,1,0,4,4,0,0,8
CGAGGCACCTATGG-1,0,4,5,6,2,0,4,2,2,0,0,2,2,2,2,2,0,11,3,4,5
CGAGGCACTATGCG-1,2,3,2,4,5,5,7,10,1,1,1,0,0,0,8,8,8,3,2,5,9
CGAGGCACTCTTCA-1,0,0,0,6,2,0,4,4,2,0,0,2,2,2,2,2,0,8,0,0,8
CGAGGCTGACGCTA-1,0,4,5,0,7,8,6,8,5,0,4,4,4,4,4,1,1,0,3,3,3
CGAGGCTGGCAGTT-1,2,3,4,2,0,3,7,10,1,1,1,0,0,0,8,8,8,3,2,5,6
CGAGGGCTACGACT-1,3,1,3,1,3,1,9,0,0,2,2,5,5,5,5,5,2,2,1,1,1
CGAGGGCTCGAATC-1,0,0,0,3,1,2,1,1,9,0,0,2,2,2,2,2,0,8,0,0,8
CGAGTATGTCACCC-1,2,3,2,4,6,7,8,9,11,1,1,0,6,6,6,6,6,6,2,2,2
CGATACGAACAGTC-1,2,3,4,2,0,3,7,10,1,1,1,0,0,0,8,8,8,3,2,5,6
CGATACGACAGGAG-1,0,0,0,6,2,4,3,2,3,0,0,3,3,3,1,0,5,5,0,0,0
CGATACGATTCACT-1,3,1,3,1,3,1,9,0,0,2,2,5,5,5,5,5,2,2,1,1,1
CGATAGACCCGTAA-1,2,3,4,2,0,3,5,3,6,1,1,0,0,0,3,3,3,1,2,5,6
CGATAGACCGTACA-1,0,0,0,3,1,4,3,6,3,0,0,3,3,3,1,0,5,5,0,0,7
CGATAGACGTAGGG-1,2,3,4,2,0,3,5,3,6,1,1,0,0,0,3,3,3,1,2,5,6
CGATAGACTGTTCT-1,0,0,0,3,1,2,1,1,9,0,0,3,3,3,1,0,4,4,0,0,8
CGATCAGAAGAACA-1,0,0,0,6,2,0,4,2,2,0,0,2,2,2,2,2,0,8,3,4,5
CGATCAGAGAGGGT-1,0,0,0,3,1,2,1,1,9,0,0,3,3,3,1,0,4,4,0,0,4
CGATCAGAGGTACT-1,0,0,0,3,1,4,3,6,3,0,0,3,3,3,1,0,5,5,0,0,0
CGATCAGATGTGAC-1,2,3,2,4,5,5,0,5,10,1,1,0,0,7,7,7,7,7,4,6,9
CGATCCACCGGGAA-1,0,0,0,6,2,0,4,4,2,0,0,2,2,2,2,2,0,8,3,4,5
CGATCCACTTCCAT-1,3,1,3,1,3,1,9,0,0,2,2,5,5,5,5,5,2,2,1,1,1
CGCAAATGCTCGAA-1,0,0,0,3,1,2,1,1,9,0,0,3,3,3,1,0,4,4,0,0,8
CGCAACCTCCTTGC-1,0,0,0,3,1,2,1,1,8,0,0,3,3,3,1,0,4,4,0,0,7
CGCAACCTGGACGA-1,0,0,0,3,1,4,3,6,8,0,0,3,3,3,1,0,5,5,0,0,0
CGCACGGAGGACGA-1,3,1,3,1,3,1,9,0,0,2,2,5,5,5,5,5,2,2,1,1,1
CGCACGGATCTTTG-1,0,0,0,3,1,2,1,1,8,0,0,3,3,3,1,0,4,4,0,0,0
CGCACTACAGAATG-1,0,0,0,3,1,2,1,1,9,0,0,3,3,3,1,0,4,4,0,0,0
CGCACTACAGCCAT-1,0,0,0,3,1,4,3,6,3,0,0,3,3,3,1,0,5,5,0,0,0
CGCACTACATTGGC-1,0,0,0,3,1,2,3,6,3,0,0,3,3,3,1,0,5,5,0,0,0
CGCACTACTCGCCT-1,3,1,3,1,3,1,9,0,0,2,2,5,5,5,5,5,2,2,1,1,1
CGCACTACTCGTGA-1,0,0,0,6,2,0,4,4,2,0,0,3,3,3,1,0,5,5,0,0,0
CGCACTTGTCACGA-1,2,3,4,2,0,3,7,10,1,1,1,0,0,0,8,8,8,3,2,5,2
CGCAGGACAGATCC-1,0,0,0,6,2,0,4,4,2,0,0,2,2,2,2,2,0,8,3,4,5
CGCAGGACCTACTT-1,0,0,0,3,1,2,1,1,9,0,0,3,3,3,1,0,4,4,0,0,8
CGCAGGACTTGTCT-1,2,3,2,4,6,7,8,9,11,1,1,0,6,6,6,6,6,6,2,2,2
CGCAGGTGCACTGA-1,0,0,0,3,1,2,3,1,8,0,0,3,3,3,1,0,4,4,0,0,8
CGCAGGTGCCATAG-1,2,3,2,4,6,7,8,9,11,1,1,0,6,6,6,6,6,6,2,2,2
CGCAGGTGGGAACG-1,0,0,0,3,1,4,3,6,3,0,0,3,3,3,1,0,5,5,0,0,7
CGCATAGATCACGA-1,2,3,4,2,0,3,5,3,6,1,1,0,0,0,3,3,3,1,2,5,6
CGCCATACTGCAAC-1,0,0,0,3,1,4,3,6,8,0,0,3,3,3,1,0,4,4,0,0,0
CGCCATTGAGAGGC-1,0,0,0,3,1,2,1,1,8,0,0,3,3,3,1,0,5,5,0,0,4
CGCCATTGCTATGG-1,0,0,0,3,1,4,3,6,3,0,0,3,3,3,1,0,5,5,0,0,4
CGCCATTGGAGACG-1,0,0,0,3,1,4,3,6,3,0,0,3,3,3,1,0,5,5,0,0,0
CGCCATTGGAGCAG-1,3,1,3,1,3,1,9,0,0,2,2,5,5,5,5,5,2,2,1,1,1
CGCCATTGTACTGG-1,3,1,3,1,3,1,9,0,0,2,2,5,5,5,5,5,2,2,1,1,1
CGCCGAGAGCTTAG-1,0,4,5,0,7,8,6,8,5,0,4,4,4,4,4,1,1,0,3,3,3
CGCCTAACGAATGA-1,2,3,2,4,5,5,0,5,10,1,1,0,0,7,7,7,7,7,4,6,9
CGCCTAACTGCTCC-1,0,0,0,3,1,4,3,6,3,0,0,3,3,3,1,0,5,5,0,0,0
CGCGAGACACAGCT-1,0,0,0,6,2,0,4,4,8,0,0,2,2,2,2,2,0,8,0,0,0
CGCGAGACAGGTCT-1,3,1,3,1,3,1,9,0,0,2,2,5,5,5,5,5,2,2,1,1,1
CGCGAGACGCTACA-1,0,0,0,3,1,4,3,6,3,0,0,3,3,3,1,0,4,4,0,4,5
CGCGATCTCAGTCA-1,2,3,4,2,0,3,7,10,1,1,1,0,0,0,8,8,8,3,2,5,6
CGCGATCTGTTGAC-1,2,3,4,2,0,3,5,3,6,1,1,0,0,0,3,3,3,1,2,5,6
CGCGATCTTTCTTG-1,3,1,3,1,3,1,9,0,0,2,2,5,5,5,5,5,2,2,1,1,1
CGCGGATGGCCAAT-1,0,0,0,3,1,4,3,6,3,0,0,3,3,3,1,0,5,5,0,0,0
CGCTAAGAATGTCG-1,0,0,0,3,1,4,3,6,3,0,0,3,3,3,1,0,5,5,0,0,0
CGCTAAGACAACTG-1,0,0,0,3,1,2,1,1,9,0,0,3,3,3,1,0,4,4,0,0,8
CGCTAAGACCCTTG-1,0,0,0,3,1,4,3,6,8,0,0,3,3,3,1,0,4,4,0,0,0
CGCTACTGAACAGA-1,2,3,4,2,0,3,7,10,1,1,1,0,0,0,8,8,8,3,2,5,6
CGCTACTGAGAACA-1,0,0,0,3,1,2,1,1,8,0,0,3,3,3,1,0,4,4,0,0,4
CGCTACTGTGAGCT-1,0,0,0,3,1,2,1,1,9,0,0,3,3,3,1,0,4,4,0,0,8
CGCTACTGTTCCCG-1,0,0,0,6,2,0,4,2,2,0,0,2,2,2,2,2,0,11,0,0,0
CGCTCATGCATTTC-1,2,3,4,2,0,3,5,3,6,1,1,0,0,0,3,3,3,1,2,5,6
CGGAATTGGTTTGG-1,0,0,0,3,1,2,1,1,9,0,0,3,3,3,1,0,4,4,0,4,0
CGGAATTGTGGAGG-1,0,0,0,3,1,2,1,1,8,0,0,3,3,3,1,0,5,5,0,0,0
CGGACCGATGCGTA-1,0,4,5,6,2,0,4,2,2,0,0,2,2,2,2,2,0,11,3,4,5
CGGACCGATGGGAG-1,0,0,0,3,1,2,1,1,9,0,0,3,3,3,1,0,4,4,0,0,8
CGGACTCTAAACAG-1,3,1,3,1,3,1,9,0,0,2,2,5,5,5,5,5,2,2,1,1,1
CGGACTCTCCAATG-1,0,0,0,3,1,4,3,6,3,0,0,3,3,3,1,0,5,5,0,0,7
CGGACTCTCCTCGT-1,0,4,5,0,7,8,6,2,5,0,0,2,2,2,2,2,0,11,3,3,3
CGGAGGCTATTCCT-1,0,0,0,3,1,2,1,1,9,0,0,3,3,3,1,0,4,4,0,0,8
CGGAGGCTTGGATC-1,0,0,0,3,1,2,1,1,8,0,0,3,3,3,1,0,4,4,0,0,8
CGGATAACAACGAA-1,2,3,4,2,0,3,7,10,1,1,1,0,0,0,8,8,8,3,2,5,6
CGGATAACAGCTCA-1,0,0,0,3,1,4,3,6,3,0,0,3,3,3,1,0,5,5,0,0,0
CGGATAACTCAGTG-1,2,3,4,2,0,3,5,3,6,1,1,0,0,0,3,3,3,1,2,5,6
CGGCACGAACTCAG-1,0,0,0,6,2,0,4,4,2,0,0,2,2,2,2,2,0,8,3,4,5
CGGCACGAAGGGTG-1,0,0,0,3,1,2,1,1,8,0,0,3,3,3,1,0,4,4,0,0,8
CGGCACGACTACGA-1,2,3,2,4,6,7,8,9,11,1,1,0,6,6,6,6,6,6,2,2,2
CGGCATCTTAGAAG-1,0,0,0,6,2,0,4,4,2,0,0,2,2,2,2,2,0,8,0,0,0
CGGCATCTTCGTAG-1,2,3,4,2,0,3,7,10,1,1,1,0,0,0,8,8,8,3,2,5,6
CGGCCAGAAAGGTA-1,0,0,0,3,1,2,3,1,9,0,0,3,3,3,1,0,4,4,0,4,5
CGGCCAGAGAGGCA-1,0,4,5,6,2,0,4,2,2,0,0,2,2,2,2,2,0,11,3,4,5
CGGCGAACCAGTCA-1,2,3,2,4,6,7,8,9,11,1,1,0,0,0,8,8,8,3,2,2,2
CGGCGAACGACAAA-1,0,4,5,0,7,8,6,8,5,0,4,4,4,4,4,1,1,0,3,3,3
CGGCGAACGGTCTA-1,0,0,0,3,1,4,3,6,3,0,0,3,3,3,1,0,4,4,0,0,0
CGGCGAACTACTTC-1,0,4,5,0,7,8,6,8,5,0,4,4,4,4,4,1,1,0,3,3,3
CGGGACTGCGTGTA-1,0,0,0,3,1,2,1,1,8,0,0,3,3,3,1,0,4,4,0,0,0
CGGGACTGGAATAG-1,0,4,5,6,2,0,4,2,2,0,0,2,2,2,2,2,0,11,3,4,5
CGGGCATGACCCAA-1,0,0,0,6,2,0,4,2,2,1,1,0,0,0,3,3,3,1,3,4,5
CGGGCATGTCTCTA-1,0,4,5,0,7,8,6,8,5,0,4,4,4,4,4,1,1,0,3,3,3
CGGGCATGTTGTGG-1,0,0,0,3,1,2,1,1,8,0,0,3,3,3,1,0,4,4,0,0,0
CGGTAAACTCGCAA-1,0,0,0,6,2,4,3,4,3,0,0,3,3,3,1,0,5,5,0,0,0
CGGTCACTGTTTGG-1,0,0,0,3,1,4,3,6,3,0,0,3,3,3,1,0,5,5,0,0,4
CGGTCACTTACTTC-1,0,0,0,3,1,4,3,6,3,0,0,3,3,3,1,0,5,5,0,0,0
CGTAACGATCGCCT-1,0,0,0,3,1,4,3,6,3,0,0,3,3,3,1,0,5,5,0,0,0
CGTACCACACACAC-1,0,0,0,3,1,4,3,6,8,0,0,3,3,3,1,0,5,5,0,0,0
CGTACCACACGTTG-1,0,0,0,3,1,2,1,1,8,0,0,3,3,3,1,0,4,4,0,0,8
CGTACCACCTCATT-1,0,0,0,3,1,2,1,1,8,0,0,3,3,3,1,0,4,4,0,0,0
CGTACCACGGAGCA-1,0,0,0,3,1,2,3,1,8,0,0,3,3,3,1,0,5,5,0,0,4
CGTACCTGGCATCA-1,0,4,5,0,7,8,6,8,5,0,4,4,4,4,4,1,1,0,3,3,3
CGTAGCCTCTCTCG-1,2,3,4,2,0,3,7,10,1,1,1,0,0,0,3,3,3,1,2,5,6
CGTAGCCTGCGAAG-1,0,0,0,3,1,4,3,6,3,0,0,3,3,3,1,0,5,5,0,0,0
CGTAGCCTGTATGC-1,2,3,2,4,6,7,8,9,11,1,1,0,6,6,6,6,6,6,2,2,2
CGTCAAGAAAGGTA-1,2,3,4,2,0,3,5,3,6,1,1,0,0,0,3,3,3,1,2,5,6
CGTCAAGAACGTGT-1,0,0,0,3,1,4,3,6,3,0,0,3,3,3,1,0,4,4,0,0,7
CGTCAAGACAGAGG-1,0,0,0,3,1,4,3,6,3,0,0,3,3,3,1,0,4,4,0,0,0
CGTCAAGACAGGAG-1,0,4,5,6,2,0,4,2,2,0,0,2,2,2,2,2,0,11,3,4,5
CGTCCATGCTCTTA-1,0,0,0,3,1,2,3,1,8,0,0,3,3,3,1,0,4,4,0,0,7
CGTCGACTTTCCGC-1,0,0,0,6,2,0,4,4,2,0,0,2,2,2,2,2,0,8,3,4,5
CGTGATGACGCTAA-1,0,0,0,3,1,2,1,1,9,0,0,3,3,3,1,0,4,4,0,0,8
CGTGATGAGGTTCA-1,0,0,0,3,1,2,1,1,9,0,0,2,2,2,2,2,0,8,0,0,0
CGTGCACTTATGGC-1,2,3,2,4,0,3,7,10,1,1,1,0,0,0,8,8,8,3,2,5,6
CGTGTAGAAAAACG-1,0,0,0,3,1,4,3,6,3,0,0,3,3,3,1,0,4,4,0,0,0
CGTGTAGACGATAC-1,0,4,5,6,2,0,4,4,2,0,4,4,4,4,4,1,1,0,3,3,3
CGTGTAGAGTTACG-1,0,4,5,0,7,8,6,8,5,0,4,4,4,4,4,1,1,0,3,3,3
CGTGTAGAGTTCAG-1,2,3,4,2,0,3,5,3,6,1,1,0,0,0,3,3,3,1,2,5,6
CGTGTAGATTCGGA-1,0,4,5,0,7,8,6,8,5,0,4,4,4,4,4,1,1,0,3,3,3
CGTTAGGAAACCAC-1,0,0,0,3,1,4,3,6,8,0,0,3,3,3,1,0,5,5,0,0,0
CGTTAGGATCATTC-1,2,3,2,4,0,7,7,10,1,1,1,0,0,0,8,8,8,3,2,5,6
CGTTATACCCTGAA-1,0,4,5,6,2,0,4,2,2,0,0,2,2,2,2,2,0,11,3,4,5
CGTTTAACTGGTCA-1,0,0,0,3,1,4,3,6,3,0,0,3,3,3,1,0,4,4,0,0,0
CTAAACCTCTGACA-1,0,4,5,0,7,8,6,8,5,0,4,4,4,4,4,1,1,0,3,3,3
CTAAACCTGTGCAT-1,3,1,3,1,3,1,9,0,0,2,2,5,5,5,5,5,2,2,1,1,1
CTAACACTAACGTC-1,0,0,0,3,1,4,3,6,3,0,0,3,3,3,1,0,4,4,0,0,7
CTAACACTAGTGCT-1,2,3,2,4,6,7,7,10,1,1,1,0,6,6,6,6,6,6,2,5,6
CTAACGGAACCGAT-1,0,4,5,0,7,8,6,8,5,0,4,4,4,4,4,1,1,0,3,3,3
CTAACGGATTTCTG-1,0,0,0,3,1,2,1,1,8,0,0,3,3,3,1,0,4,4,0,0,8
CTAACTACGGCAAG-1,0,0,0,6,2,2,1,4,9,0,0,2,2,2,2,2,0,8,0,4,0
CTAAGGACACCATG-1,0,0,0,3,1,2,1,1,9,0,0,3,3,3,1,0,4,4,0,0,8
CTAAGGACCGTTAG-1,0,0,0,3,1,4,3,6,8,0,0,3,3,3,1,0,5,5,0,0,0
CTAAGGACGCCATA-1,2,3,4,2,0,3,7,10,1,1,1,0,0,0,8,8,8,3,2,5,6
CTAAGGTGCCTAAG-1,3,1,3,1,3,1,9,0,0,2,2,5,5,5,5,5,2,2,1,1,1
CTAAGGTGTTGCAG-1,0,0,0,3,1,4,3,6,3,0,0,3,3,3,1,0,4,4,0,4,0
CTAAGGTGTTTCTG-1,0,0,0,3,1,2,1,1,9,0,0,3,3,3,1,0,4,4,0,0,8
CTAATAGAGCTATG-1,0,0,0,3,1,2,1,1,9,0,0,3,3,3,1,0,4,4,0,0,8
CTAATGCTTGTGGT-1,2,3,4,2,0,3,5,3,6,1,1,0,0,0,8,8,8,3,2,5,6
CTACAACTCCCGTT-1,0,4,5,6,2,0,4,2,2,0,0,2,2,2,2,2,0,11,3,4,5
CTACCTCTCAACCA-1,0,0,0,3,1,4,3,6,3,0,0,3,3,3,1,0,4,4,0,4,0
CTACGCACACCTAG-1,2,3,2,4,6,7,8,9,11,1,1,0,6,6,6,6,6,6,2,2,2
CTACGCACTCTCCG-1,0,0,0,3,1,4,3,6,3,0,0,3,3,3,1,0,5,5,0,0,0
CTACGCACTGGTCA-1,0,4,5,0,7,8,6,8,5,0,4,4,4,4,4,1,1,0,3,3,3
CTACGGCTTTCTTG-1,2,3,2,4,6,7,7,10,1,1,1,0,0,0,8,8,8,3,2,2,2
CTACTATGAACCAC-1,2,3,4,2,0,3,7,10,1,1,1,0,0,0,8,8,8,3,2,5,6
CTACTATGATGTGC-1,2,3,4,2,0,3,5,3,6,1,1,0,0,0,3,3,3,1,2,5,6
CTACTATGCTAAGC-1,0,0,0,6,2,0,4,4,2,0,0,3,3,3,1,0,4,4,0,4,8
CTACTATGTAAAGG-1,3,1,3,1,3,1,9,0,0,2,2,5,5,5,5,5,2,2,1,1,1
CTACTCCTATGTCG-1,0,4,5,0,7,8,6,8,5,0,4,4,4,4,4,1,1,0,3,3,3
CTACTCCTGCCATA-1,2,3,4,2,0,3,5,3,6,1,1,0,0,0,3,3,3,1,2,5,6
CTAGAGACACTTTC-1,0,0,0,3,1,4,3,6,3,0,0,3,3,3,1,0,4,4,0,0,0
CTAGAGACAGCATC-1,0,0,0,6,2,0,4,2,2,0,0,2,2,2,2,2,0,8,3,4,5
CTAGAGACTTTGGG-1,2,3,2,4,6,7,8,9,11,1,1,0,0,0,8,8,8,3,2,2,2
CTAGATCTCTCTAT-1,0,0,0,3,1,2,1,1,8,0,0,3,3,3,1,0,4,4,0,0,0
CTAGATCTTCGACA-1,0,0,0,3,1,4,3,6,8,0,0,3,3,3,1,0,5,5,0,0,0
CTAGGATGAGCCTA-1,3,1,3,1,3,1,9,0,0,2,2,5,5,5,5,5,2,2,1,1,1
CTAGGATGATCGTG-1,3,1,3,1,3,1,9,0,0,2,2,5,5,5,5,5,2,2,1,1,1
CTAGGCCTCTCAGA-1,0,0,0,3,1,4,3,6,3,0,0,3,3,3,1,0,5,5,0,0,0
CTAGGTGATGGTTG-1,2,3,2,4,6,7,8,9,11,1,1,0,6,6,6,6,6,6,2,2,2
CTAGTTACCAGAGG-1,0,0,0,3,1,2,1,1,8,0,0,3,3,3,1,0,4,4,0,0,0
CTAGTTACCGCATA-1,0,0,0,3,1,4,3,6,3,0,0,3,3,3,1,0,5,5,0,0,0
CTAGTTACGAAACA-1,0,4,5,0,7,8,6,8,5,0,4,4,4,4,4,1,1,0,3,3,3
CTATAAGATCGTTT-1,3,1,3,1,3,1,9,0,0,2,2,5,5,5,5,5,2,2,1,1,1
CTATACTGAGGTTC-1,2,3,4,2,0,3,5,3,6,1,1,0,0,0,3,3,3,1,2,5,6
CTATACTGCCAGTA-1,0,0,0,3,1,2,1,1,9,0,0,3,3,3,1,0,4,4,0,0,0
CTATACTGCGCTAA-1,2,3,4,2,0,3,5,3,6,1,1,0,0,0,3,3,3,1,2,5,6
CTATACTGCTACGA-1,0,4,5,0,7,8,6,8,5,0,4,4,4,4,4,1,1,0,3,3,3
CTATACTGTCTCAT-1,0,4,5,0,7,8,6,8,5,0,4,4,4,4,4,1,1,0,3,3,3
CTATACTGTTCGTT-1,0,0,0,3,1,4,3,6,8,0,0,3,3,3,1,0,5,5,0,0,0
CTATAGCTGTCACA-1,0,0,0,3,1,2,1,1,9,0,0,3,3,3,1,0,4,4,0,0,8
CTATAGCTTCGCTC-1,2,3,4,2,0,3,7,10,1,1,1,0,0,0,8,8,8,3,2,5,6
CTATAGCTTGCCTC-1,2,3,4,2,0,3,7,10,1,1,1,0,0,0,8,8,8,3,2,5,6
CTATCAACGAACTC-1,0,0,0,3,1,4,3,6,3,0,0,3,3,3,1,0,4,4,0,0,0
CTATCAACGCAGAG-1,0,0,0,3,1,4,3,6,3,0,0,3,3,3,1,0,5,5,0,0,0
CTATCAACTTTGGG-1,0,0,0,3,1,2,1,1,9,0,0,3,3,3,1,0,4,4,0,0,8
CTATCCCTCCACCT-1,2,3,4,2,0,3,5,3,6,1,1,0,0,0,3,3,3,1,2,5,6
CTATGTACGAGAGC-1,0,0,0,3,1,4,3,6,3,0,0,3,3,3,1,0,5,5,0,0,0
CTATGTACGCTTAG-1,0,0,0,3,1,2,1,1,9,0,0,3,3,3,1,0,5,5,0,0,0
CTATGTACTGTTTC-1,3,0,0,1,3,4,3,6,3,2,2,5,5,5,5,5,2,2,0,0,4
CTATGTTGAAAGCA-1,0,0,0,3,1,2,1,1,8,0,0,3,3,3,1,0,4,4,0,0,4
CTATGTTGTCCTCG-1,0,0,0,3,1,2,1,1,9,0,0,3,3,3,1,0,4,4,0,0,8
CTATGTTGTCTCGC-1,0,0,0,3,1,4,3,6,3,0,0,3,3,3,1,0,5,5,0,0,0
CTATTGACAAACGA-1,2,3,4,2,0,3,5,3,6,1,1,0,0,0,3,3,3,1,2,5,6
CTATTGACACTGGT-1,2,3,2,4,6,7,7,10,1,1,1,0,0,0,8,8,8,3,2,2,2
CTATTGACGGTGAG-1,2,3,2,4,6,7,8,9,11,1,1,0,6,6,6,6,6,6,2,2,2
CTATTGTGGCAAGG-1,0,0,0,3,1,2,1,4,9,0,0,3,3,3,1,0,4,4,0,4,8
CTCAATTGGTTCAG-1,0,0,0,3,1,4,3,6,3,0,0,3,3,3,1,0,5,5,0,0,7
CTCAATTGGTTGCA-1,2,3,4,2,0,3,7,10,1,1,1,0,0,0,3,3,3,1,2,5,6
CTCAGAGATAGAAG-1,0,0,0,3,1,4,3,6,8,0,0,3,3,3,1,0,4,4,0,0,7
CTCAGCACTCTAGG-1,0,0,0,3,1,4,3,6,3,0,0,3,3,3,1,0,5,5,0,0,7
CTCAGCACTGAACC-1,2,3,4,2,0,3,5,3,6,1,1,0,0,0,3,3,3,1,2,5,6
CTCAGCACTTGCAG-1,0,0,0,3,1,2,1,1,8,0,0,3,3,3,1,0,5,5,0,0,0
CTCAGCTGAACCTG-1,2,3,4,2,0,3,5,3,6,1,1,0,0,0,3,3,3,1,2,5,6
CTCAGCTGCAGTTG-1,0,0,0,3,1,2,1,1,9,0,0,3,3,3,1,0,4,4,0,0,8
CTCAGGCTCGTTGA-1,2,3,2,4,6,7,8,9,11,1,1,0,6,6,6,6,6,6,2,2,2
CTCAGGCTGCTAAC-1,0,0,0,3,1,2,1,1,9,0,0,3,3,3,1,0,4,4,0,0,8
CTCATTGACCTTAT-1,0,0,0,3,1,4,3,6,3,0,0,3,3,3,1,0,5,5,0,0,0
CTCATTGATGCTTT-1,2,3,2,4,6,7,8,9,11,1,1,0,0,0,8,8,8,3,2,5,6
CTCCACGAGAGATA-1,2,3,2,4,5,5,0,5,10,1,1,0,0,7,7,7,7,7,4,6,9
CTCCATCTCTTAGG-1,0,0,0,3,1,2,1,1,9,0,0,3,3,3,1,0,4,4,0,0,8
CTCCATCTGACGAG-1,0,0,0,3,1,4,3,6,8,0,0,3,3,3,1,0,4,4,0,0,4
CTCCGAACAAGTGA-1,2,3,2,4,6,7,8,9,11,1,1,0,6,6,6,6,6,6,2,2,2
CTCCTACTGCCTTC-1,2,3,4,2,0,3,5,3,6,1,1,0,0,0,3,3,3,1,2,5,6
CTCGAAGATGTGGT-1,0,0,0,3,1,2,1,1,8,0,0,3,3,3,1,0,4,4,0,0,8
CTCGAAGATTAGGC-1,2,3,4,2,0,3,7,10,1,1,1,0,0,0,8,8,8,3,2,5,6
CTCGACTGCTCTAT-1,0,0,0,3,1,2,1,1,9,0,0,3,3,3,1,0,4,4,0,0,8
CTCGACTGGGTGAG-1,0,0,0,3,1,2,1,1,9,0,0,3,3,3,1,0,4,4,0,0,8
CTCGACTGGTTGAC-1,0,4,5,0,7,8,6,8,5,0,4,4,4,4,4,1,1,0,3,3,3
CTCGAGCTCTGGAT-1,0,4,5,6,2,0,4,2,2,0,4,4,4,4,4,1,1,0,3,4,5
CTCGCATGACTTTC-1,0,0,0,6,2,0,4,4,2,0,0,2,2,2,2,2,0,8,0,4,5
CTCGCATGCTTAGG-1,0,0,0,3,1,2,1,1,9,0,0,3,3,3,1,0,4,4,0,0,7
CTCTAAACCTCGAA-1,0,0,0,3,1,4,3,6,8,0,0,3,3,3,1,0,4,4,0,0,7
CTCTAAACGGCGAA-1,0,0,0,3,1,2,1,1,9,0,0,3,3,3,1,0,4,4,0,0,8
CTCTAATGTCCAAG-1,2,3,4,2,0,3,5,10,6,1,1,0,0,0,8,8,8,3,2,5,6
CTGAACGACAGTCA-1,0,0,0,3,1,4,3,6,3,0,0,3,3,3,1,0,4,4,0,0,8
CTGAACGATGAGGG-1,0,0,0,3,1,4,3,6,3,0,0,3,3,3,1,0,4,4,0,0,7
CTGAAGACCCAACA-1,0,0,0,3,1,4,3,6,3,0,0,3,3,3,1,0,5,5,0,0,0
CTGAAGACGTGCAT-1,3,1,3,1,3,1,9,0,0,2,2,5,5,5,5,5,2,2,1,1,1
CTGAAGTGAAGCCT-1,2,3,2,4,6,7,8,9,11,1,1,0,6,6,6,6,6,6,2,2,2
CTGAAGTGCAGCTA-1,3,1,3,1,3,1,9,0,0,2,2,5,5,5,5,5,2,2,1,1,1
CTGAAGTGGCTATG-1,0,0,0,3,1,2,1,1,8,0,0,3,3,3,1,0,4,4,0,0,8
CTGAAGTGTCCAGA-1,0,0,0,3,1,4,3,6,3,0,0,3,3,3,1,0,4,4,0,0,7
CTGAATCTGAATAG-1,0,0,0,3,1,4,3,6,3,0,0,3,3,3,1,0,5,5,0,0,8
CTGACAGAATCGTG-1,0,4,5,6,2,0,4,2,2,0,0,2,2,2,2,2,0,11,3,4,5
CTGACCACAGCAAA-1,0,0,0,3,1,4,3,6,3,0,0,3,3,3,1,0,5,5,0,0,0
CTGAGAACCGGGAA-1,0,0,0,3,1,4,3,6,3,0,0,3,3,3,1,0,5,5,0,0,0
CTGAGAACGTAAAG-1,0,4,5,0,7,8,6,8,5,0,4,4,4,4,4,1,1,0,3,4,5
CTGATACTAGTAGA-1,0,0,0,3,1,2,1,1,9,0,0,3,3,3,1,0,5,5,0,0,7
CTGATTTGGTGTTG-1,2,3,4,2,0,3,7,10,1,1,1,0,0,0,8,8,8,3,2,5,6
CTGCAGCTAACCGT-1,0,0,0,3,1,2,1,1,9,0,0,3,3,3,1,0,4,4,0,0,0
CTGCAGCTGACACT-1,0,0,0,3,1,2,1,1,9,0,0,3,3,3,1,0,4,4,0,0,8
CTGCAGCTGGATTC-1,2,3,2,4,6,7,8,9,11,1,1,0,0,0,8,8,8,3,2,2,2
CTGCAGCTTGGCAT-1,0,0,0,6,2,0,4,4,2,0,0,2,2,2,2,2,0,8,3,0,0
CTGCCAACAGGAGC-1,0,0,0,3,1,2,1,4,9,0,0,3,3,3,1,0,4,4,3,4,5
CTGCCAACCAGCTA-1,0,0,0,3,1,2,1,1,8,0,0,3,3,3,1,0,4,4,0,0,0
CTGCCAACTAACCG-1,2,3,4,2,0,3,7,10,1,1,1,0,0,0,8,8,8,3,2,5,6
CTGCCAACTGCTCC-1,0,0,0,6,2,0,4,4,2,0,0,2,2,2,2,2,0,11,3,4,5
CTGCCAACTTGCAG-1,0,0,0,3,1,2,1,1,9,0,0,3,3,3,1,0,4,4,0,0,0
CTGCCAACTTGCTT-1,0,0,0,6,2,0,4,4,2,0,0,2,2,2,2,2,0,8,3,4,5
CTGCGACTCCACCT-1,0,0,0,6,2,2,1,4,9,0,0,2,2,2,2,2,0,8,3,4,5
CTGGAAACAAACGA-1,0,4,5,6,2,0,4,2,2,0,0,2,2,2,2,2,0,11,3,4,5
CTGGAAACATCGAC-1,0,0,0,3,1,4,3,6,8,0,0,3,3,3,1,0,4,4,0,0,4
CTGGATGACTGGAT-1,0,4,5,6,2,0,4,2,2,0,0,2,2,2,2,2,0,11,3,4,5
CTGGATGACTTGTT-1,0,0,0,3,1,2,1,1,9,0,0,3,3,3,1,0,4,4,0,0,7
CTGGATGATGTGAC-1,3,1,3,1,3,1,9,0,0,2,2,5,5,5,5,5,2,2,1,1,1
CTGGCACTCAAGCT-1,2,3,4,2,0,3,5,10,6,1,1,0,0,0,3,3,3,1,2,5,6
CTGTAACTAACCAC-1,0,0,0,3,1,4,3,6,3,0,0,3,3,3,1,0,5,5,0,0,4
CTGTAACTAGCGTT-1,0,0,0,3,1,2,1,1,9,0,0,3,3,3,1,0,4,4,0,0,8
CTGTATACGTAAAG-1,0,0,0,3,1,2,1,1,9,0,0,3,3,3,1,0,4,4,0,0,7
CTGTATACGTACGT-1,2,3,4,2,0,3,7,10,1,1,1,0,0,0,8,8,8,3,2,5,6
CTGTATACGTTGGT-1,0,0,0,3,1,4,3,6,3,0,0,3,3,3,1,0,4,4,0,0,4
CTGTGAGACAACCA-1,2,3,2,4,6,7,8,9,11,1,1,0,6,6,6,6,6,6,2,2,2
CTGTGAGACCTTGC-1,0,0,0,6,2,0,4,2,2,0,0,2,2,2,2,2,0,8,3,4,5
CTGTGAGACGAACT-1,2,3,4,2,0,3,5,3,6,1,1,0,0,0,3,3,3,1,2,5,6
CTGTGAGACTGTAG-1,2,3,4,2,0,3,7,10,1,1,1,0,0,0,8,8,8,3,2,5,6
CTTAAAGAACCTGA-1,0,0,0,3,1,2,1,1,9,0,0,3,3,3,1,0,4,4,0,0,7
CTTAACACCTGTAG-1,0,0,0,3,1,4,3,6,8,0,0,3,3,3,1,0,4,4,0,0,7
CTTAACACTATCGG-1,3,1,3,1,3,1,9,0,0,2,2,5,5,5,5,5,2,2,1,1,1
CTTAAGCTACCTAG-1,0,0,0,3,1,4,3,6,3,0,0,3,3,3,1,0,4,4,0,0,7
CTTAAGCTAGTACC-1,0,0,0,3,1,2,1,1,9,0,0,3,3,3,1,0,4,4,0,0,7
CTTAAGCTCATCAG-1,0,0,0,3,1,4,3,6,8,0,0,3,3,3,1,0,5,5,0,0,4
CTTAAGCTCCGCTT-1,3,1,3,1,3,1,9,0,0,2,2,5,5,5,5,5,2,2,1,1,1
CTTACAACTAACGC-1,0,0,0,3,1,2,1,1,8,0,0,3,3,3,1,0,5,5,0,0,0
CTTACAACTCCCGT-1,2,3,4,2,0,3,5,3,6,1,1,0,0,0,3,3,3,1,2,5,6
CTTACTGACGTACA-1,0,0,0,3,1,2,1,1,8,0,0,3,3,3,1,0,4,4,0,0,8
CTTAGACTAAACGA-1,0,0,0,3,1,4,3,6,3,0,0,3,3,3,1,0,5,5,0,0,0
CTTAGGGACTTGCC-1,0,0,0,3,1,4,3,6,3,0,0,3,3,3,1,0,5,5,0,0,0
CTTAGGGAGAATCC-1,0,0,0,3,1,2,1,1,9,0,0,3,3,3,1,0,4,4,0,0,8
CTTATCGACTCATT-1,0,0,0,3,1,4,3,6,8,0,0,3,3,3,1,0,5,5,0,0,8
CTTCACCTACCTGA-1,2,3,2,4,6,7,8,9,11,1,1,0,6,6,6,6,6,6,2,2,2
CTTCATGAAGCATC-1,3,1,3,1,3,1,9,0,0,2,2,5,5,5,5,5,2,2,1,1,1
CTTCATGAAGTACC-1,0,0,0,3,1,2,1,1,9,0,0,3,3,3,1,0,4,4,0,0,8
CTTCATGACCGAAT-1,0,0,0,6,2,2,1,4,9,0,0,2,2,2,2,2,0,8,3,4,5
CTTGAACTACGCAT-1,0,0,0,3,1,2,1,1,8,0,0,3,3,3,1,0,4,4,0,0,7
CTTGATTGAGGTTC-1,0,4,5,6,2,0,4,2,2,0,0,2,2,2,2,2,0,11,3,4,5
CTTGATTGATCTTC-1,2,3,4,2,0,3,5,3,6,1,1,0,0,0,3,3,3,1,2,5,6
CTTGATTGCATTCT-1,0,0,0,3,1,4,3,6,3,0,0,3,3,3,1,0,5,5,0,0,0
CTTGATTGTTTCGT-1,0,0,0,3,1,4,3,6,3,0,0,3,3,3,1,0,5,5,0,0,0
CTTGTATGACACCA-1,3,1,3,1,3,1,9,0,0,2,2,5,5,5,5,5,2,2,1,1,1
CTTGTATGCGCAAT-1,3,1,3,1,3,1,9,0,0,2,2,5,5,5,5,5,2,2,1,1,1
CTTTACGAGCGAAG-1,0,0,0,3,1,2,1,1,9,0,0,3,3,3,1,0,4,4,0,0,8
CTTTAGACCGTGAT-1,0,0,0,3,1,2,1,1,9,0,0,3,3,3,1,0,4,4,0,0,8
CTTTAGACGAGACG-1,0,0,0,3,1,2,1,1,9,0,0,3,3,3,1,0,5,5,0,0,8
CTTTAGACGATACC-1,0,0,0,3,1,2,1,1,8,0,0,3,3,3,1,0,4,4,0,0,7
CTTTAGACGTTGGT-1,0,0,0,6,2,4,3,6,3,0,0,2,2,2,2,2,0,8,0,4,5
CTTTAGACTCATTC-1,0,0,0,6,2,0,4,2,2,0,0,2,2,2,2,2,0,11,3,4,5
CTTTAGTGACGGGA-1,0,4,5,0,7,8,6,8,5,0,4,4,4,4,4,1,1,0,3,3,3
CTTTAGTGGGTGGA-1,0,0,0,3,1,2,1,1,9,0,0,3,3,3,1,0,4,4,0,0,4
CTTTCAGAGAAACA-1,0,0,0,3,1,4,3,6,3,0,0,3,3,3,1,0,5,5,0,0,0
CTTTGATGAGCACT-1,0,0,0,3,1,2,1,1,9,0,0,3,3,3,1,0,4,4,0,0,7
CTTTGATGTCTAGG-1,0,0,0,6,2,0,4,4,2,0,0,2,2,2,2,2,0,8,3,4,0
CTTTGATGTGTCCC-1,0,0,0,3,1,4,3,6,8,0,0,3,3,3,1,0,5,5,0,0,0
CTTTGATGTGTGGT-1,0,0,0,3,1,2,1,1,9,0,0,3,3,3,1,0,4,4,0,0,8
GAAACAGAACTACG-1,0,0,0,3,1,2,1,1,9,0,0,3,3,3,1,0,5,5,0,0,0
GAAACAGAATCACG-1,0,0,0,3,1,2,3,6,8,0,0,3,3,3,1,0,4,4,0,0,0
GAAACAGACATTCT-1,0,0,0,3,1,4,3,6,3,0,0,3,3,3,1,0,5,5,0,0,0
GAAACCTGATCGTG-1,0,0,0,3,1,2,3,1,8,0,0,3,3,3,1,0,4,4,0,0,8
GAAACCTGATGCCA-1,0,0,0,3,1,4,3,6,3,0,0,3,3,3,1,0,5,5,0,0,0
GAAACCTGCTTATC-1,0,0,0,3,1,4,3,6,8,0,0,3,3,3,1,0,4,4,0,0,0
GAAACCTGGACTAC-1,2,3,2,4,6,7,8,9,11,1,1,0,6,6,6,6,6,6,2,2,2
GAAACCTGTGCTAG-1,0,0,0,3,1,4,3,6,3,0,0,3,3,3,1,0,5,5,0,0,4
GAAAGATGATTTCC-1,0,0,0,3,1,4,3,6,3,0,0,3,3,3,1,0,4,4,0,0,0
GAAAGATGCTGATG-1,2,3,2,4,6,7,8,9,11,1,1,0,6,6,6,6,6,6,2,2,2
GAAAGATGCTTCGC-1,2,3,4,2,0,3,5,3,6,1,1,0,0,0,3,3,3,1,2,5,6
GAAAGATGTAAGGA-1,0,0,0,3,1,2,1,1,9,0,0,3,3,3,1,0,4,4,0,0,8
GAAAGCCTACGTTG-1,3,1,3,1,3,1,9,0,0,2,2,5,5,5,5,5,2,2,1,1,1
GAAAGTGAAAGTGA-1,2,3,2,4,5,5,0,5,10,1,1,0,0,7,7,7,7,7,4,6,9
GAAAGTGACCACAA-1,2,3,4,2,0,3,7,10,1,1,1,0,0,0,8,8,8,3,2,5,6
GAAAGTGACTCAAG-1,0,0,0,3,1,2,3,1,9,0,0,3,3,3,1,0,5,5,0,0,0
GAAATACTACCAAC-1,2,3,4,2,0,3,5,3,6,1,1,0,0,0,3,3,3,1,2,5,6
GAAATACTCTTAGG-1,3,1,3,1,3,1,9,0,0,2,2,5,5,5,5,5,2,2,1,1,1
GAAATACTTCCTCG-1,0,0,0,3,1,4,3,6,3,0,0,3,3,3,1,0,5,5,0,0,0
GAACACACGTGCAT-1,2,3,2,4,0,7,7,10,1,1,1,0,0,0,8,8,8,3,2,2,2
GAACACACTGCCTC-1,0,0,0,3,1,2,1,1,8,0,0,3,3,3,1,0,4,4,0,0,8
GAACAGCTAACTGC-1,2,3,2,4,6,7,8,9,11,1,1,0,0,0,8,8,8,3,2,2,2
GAACAGCTCTCAGA-1,2,3,2,4,6,7,8,9,11,1,1,0,6,6,6,6,6,6,2,2,2
GAACCAACCACAAC-1,0,0,0,3,1,2,1,1,9,0,0,2,2,2,2,2,0,8,0,4,5
GAACCAACTTCCGC-1,0,4,5,0,7,8,6,8,5,0,4,4,4,4,4,1,1,0,3,3,3
GAACCTGAACGTGT-1,0,0,0,6,2,4,3,6,3,0,0,3,3,3,1,0,5,5,0,0,0
GAACCTGAGAGACG-1,0,0,0,3,1,2,1,1,8,0,0,3,3,3,1,0,5,5,0,0,8
GAACCTGATGAACC-1,0,0,0,3,1,4,3,6,3,0,0,3,3,3,1,0,5,5,0,0,0
GAACGGGATACTTC-1,0,0,0,3,1,2,1,1,8,0,0,3,3,3,1,0,5,5,0,0,7
GAACTGTGACCTGA-1,2,3,2,4,6,7,8,9,11,1,1,0,6,6,6,6,6,6,2,2,2
GAACTGTGCCAGTA-1,2,3,4,2,0,3,7,10,1,1,1,0,0,0,8,8,8,3,2,5,6
GAAGAATGCAATCG-1,0,0,0,3,1,2,1,1,8,0,0,3,3,3,1,0,4,4,0,0,7
GAAGCGGACCTATT-1,2,3,2,4,0,3,7,10,1,1,1,0,0,0,8,8,8,3,2,5,2
GAAGCTACGAATGA-1,2,3,4,2,0,3,7,10,1,1,1,0,0,0,8,8,8,3,2,5,6
GAAGCTACGGTTTG-1,0,0,0,3,1,4,3,6,3,0,0,3,3,3,1,0,5,5,0,0,0
GAAGGGTGAAAGTG-1,0,0,0,3,1,4,3,6,3,0,0,3,3,3,1,0,5,5,0,0,7
GAAGGGTGCTTAGG-1,2,3,4,2,0,3,7,10,1,1,1,0,0,0,3,3,3,1,2,5,6
GAAGGTCTGAAAGT-1,0,0,0,3,1,4,3,6,3,0,0,3,3,3,1,0,5,5,0,0,7
GAAGGTCTGTTGCA-1,0,0,0,3,1,2,1,1,8,0,0,3,3,3,1,0,4,4,0,0,7
GAAGGTCTTAAAGG-1,2,3,2,4,5,5,0,5,10,1,1,0,0,7,7,7,7,7,4,6,9
GAAGTAGACTCCCA-1,0,0,0,6,2,0,4,4,2,0,0,2,2,2,2,2,0,8,3,4,5
GAAGTAGATCCAAG-1,2,3,2,4,6,7,8,9,11,1,1,0,6,6,6,6,6,6,2,2,2
GAAGTCACCCTCGT-1,2,3,4,2,0,3,5,3,6,1,1,0,0,0,3,3,3,1,2,5,6
GAAGTCACCCTGTC-1,3,1,3,1,3,1,9,0,0,2,2,5,5,5,5,5,2,2,1,1,1
GAAGTCTGTCGCAA-1,3,1,3,1,3,1,9,0,0,2,2,5,5,5,5,5,2,2,1,1,1
GAAGTCTGTTCTGT-1,0,0,0,3,1,2,1,1,9,0,0,3,3,3,1,0,4,4,0,0,8
GAAGTGCTAAACGA-1,0,4,5,0,7,8,6,8,5,0,4,4,4,4,4,1,1,0,3,3,3
GAAGTGCTCCGCTT-1,2,3,4,2,0,3,7,10,1,1,1,0,0,0,8,8,8,3,2,5,6
GAAGTGCTTAACCG-1,0,0,0,3,1,4,3,6,3,0,0,3,3,3,1,0,5,5,0,0,7
GAATGCACCCTAAG-1,0,0,0,3,1,4,3,6,3,0,0,3,3,3,1,0,5,5,0,0,0
GAATGCACCTTCGC-1,0,4,5,0,7,8,6,8,5,0,4,4,4,4,4,1,1,0,3,3,3
GAATGCTGCGGTAT-1,0,0,0,3,1,2,1,1,9,0,0,3,3,3,1,0,4,4,0,0,0
GAATTAACGATAAG-1,0,0,0,3,1,2,1,1,8,0,0,3,3,3,1,0,4,4,0,0,4
GAATTAACGGTCAT-1,0,0,0,3,1,2,1,1,9,0,0,3,3,3,1,0,4,4,0,0,8
GAATTAACGTCGTA-1,0,4,5,0,7,8,6,8,5,0,4,4,4,4,4,1,1,0,3,3,3
GAATTAACTGAAGA-1,3,1,3,1,3,1,9,0,0,2,2,5,5,5,5,5,2,2,1,1,1
GACAACACAGGCGA-1,0,0,0,3,1,2,1,1,9,0,0,3,3,3,1,0,4,4,0,0,8
GACAACACATCGTG-1,0,0,0,3,1,2,1,1,9,0,0,3,3,3,1,0,5,5,0,0,7
GACAACACTCGCCT-1,0,0,0,3,1,2,1,1,9,0,0,3,3,3,1,0,5,5,0,0,0
GACAACTGAGGTTC-1,0,0,0,3,1,4,3,6,3,0,0,3,3,3,1,0,4,4,0,0,4
GACAGGGAAGAGTA-1,3,1,3,1,3,1,9,0,0,2,2,5,5,5,5,5,2,2,1,1,1
GACAGGGAATGCCA-1,0,0,0,3,1,4,3,6,3,0,0,3,3,3,1,0,5,5,0,0,8
GACAGTACGAGCTT-1,2,3,2,4,6,7,8,9,11,1,1,0,6,6,6,6,6,6,2,2,2
GACAGTACTTCGGA-1,2,3,2,4,6,7,8,9,11,1,1,0,6,6,6,6,6,6,2,2,2
GACAGTTGAGTAGA-1,3,1,3,1,3,1,9,0,0,2,2,5,5,5,5,5,2,2,1,1,1
GACATTCTCCACCT-1,2,3,2,4,5,5,0,5,10,1,1,0,0,7,7,7,7,7,4,6,9
GACCAAACGACTAC-1,2,3,4,2,0,3,7,10,1,1,1,0,0,0,8,8,8,3,2,5,6
GACCAAACGTATCG-1,2,3,4,2,0,3,7,10,1,1,1,0,0,0,8,8,8,3,2,5,6
GACCCTACTAAAGG-1,3,1,3,1,3,1,9,0,0,2,2,5,5,5,5,5,2,2,1,1,1
GACCTAGACCTCAC-1,0,0,0,3,1,2,1,1,9,0,0,2,2,2,2,2,0,8,0,0,0
GACCTAGACGAGAG-1,0,0,0,3,1,2,1,1,9,0,0,3,3,3,1,0,4,4,0,0,0
GACCTCACAAGGTA-1,0,0,0,3,1,2,1,1,9,0,0,3,3,3,1,0,4,4,0,0,8
GACCTCACGTACGT-1,2,3,2,4,0,7,7,10,1,1,1,0,0,0,8,8,8,3,2,2,2
GACCTCTGCATCAG-1,0,0,0,3,1,4,3,6,8,0,0,3,3,3,1,0,5,5,0,0,4
GACGAACTCCCACT-1,0,0,0,3,1,2,1,1,9,0,0,3,3,3,1,0,4,4,0,0,4
GACGATTGCCAATG-1,3,1,3,1,3,1,9,0,0,2,2,5,5,5,5,5,2,2,1,1,1
GACGCCGACCTTCG-1,0,0,0,3,1,4,3,6,3,0,0,3,3,3,1,0,5,5,0,0,0
GACGCTCTCTCTCG-1,1,2,1,5,4,6,2,7,7,3,3,1,1,1,0,9,9,9,5,7,10
GACGGCACACGGGA-1,0,4,5,0,7,8,6,8,5,0,4,4,4,4,4,1,1,0,3,3,3
GACGGCACGAGATA-1,2,3,4,2,0,3,7,10,1,1,1,0,0,0,8,8,8,3,2,5,6
GACGTAACCTATGG-1,0,0,0,3,1,2,1,1,8,0,0,3,3,3,1,0,4,4,0,0,0
GACGTAACCTGTGA-1,0,0,0,3,1,4,3,6,3,0,0,3,3,3,1,0,5,5,0,0,0
GACGTAACTATGGC-1,0,0,0,3,1,4,3,6,3,0,0,3,3,3,1,0,5,5,0,0,0
GACGTATGTTGACG-1,0,0,0,3,1,2,3,1,8,0,0,3,3,3,1,0,4,4,0,0,4
GACGTATGTTTGCT-1,0,0,0,3,1,2,1,1,8,0,0,3,3,3,1,0,4,4,0,0,7
GACGTCCTACGGAG-1,0,0,0,3,1,4,3,6,3,0,0,3,3,3,1,0,5,5,0,0,0
GACGTCCTCTCAAG-1,2,3,4,2,0,3,7,10,1,1,1,0,0,0,8,8,8,3,2,5,6
GACGTCCTGATAAG-1,3,1,3,1,3,1,9,0,0,2,2,5,5,5,5,5,2,2,1,1,1
GACTACGATGGTCA-1,3,1,3,1,3,1,9,0,0,2,2,5,5,5,5,5,2,2,1,1,1
GACTCCTGCTCGCT-1,0,0,0,3,1,2,1,1,9,0,0,3,3,3,1,0,4,4,0,0,8
GACTCCTGGGTTAC-1,0,0,0,3,1,2,1,1,8,0,0,3,3,3,1,0,4,4,0,0,7
GACTCCTGTTATCC-1,0,0,0,3,1,4,3,6,3,0,0,3,3,3,1,0,4,4,0,0,0
GACTCCTGTTGGTG-1,2,3,4,2,0,3,7,10,1,1,1,0,0,0,8,8,8,3,2,5,6
GACTGAACCAATCG-1,2,3,4,2,0,3,5,3,6,1,1,0,0,0,3,3,3,1,2,5,6
GACTGATGTGATGC-1,0,0,0,3,1,2,1,1,8,0,0,3,3,3,1,0,4,4,0,0,7
GACTTTACATGCCA-1,0,0,0,3,1,2,1,1,8,0,0,3,3,3,1,0,5,5,0,0,0
GACTTTACGACAGG-1,3,1,3,1,3,1,9,0,0,2,2,5,5,5,5,5,2,2,1,1,1
GAGAAATGTTCTCA-1,3,1,3,1,3,1,9,0,0,2,2,5,5,5,5,5,2,2,1,1,1
GAGATAGAAAAAGC-1,2,3,4,2,0,3,7,10,1,1,1,0,0,0,8,8,8,3,2,5,6
GAGATCACGACAAA-1,2,3,2,4,6,7,8,9,11,1,1,0,6,6,6,6,6,6,2,2,2
GAGATGCTCTGGAT-1,0,0,0,6,2,0,4,4,2,0,0,2,2,2,2,2,0,8,3,4,5
GAGATGCTGAATGA-1,0,0,0,3,1,4,3,6,3,0,0,3,3,3,1,0,5,5,0,0,7
GAGCAGGATTCCCG-1,0,0,0,6,2,0,4,4,2,0,0,2,2,2,2,2,0,8,3,4,5
GAGCATACTTTGCT-1,2,3,2,4,6,7,8,9,11,1,1,0,6,6,6,6,6,6,2,2,2
GAGCGCACGCGTAT-1,2,3,4,2,0,3,5,3,6,1,1,0,0,0,3,3,3,1,2,5,6
GAGCGCACGGTGAG-1,0,0,0,6,2,0,4,4,2,0,0,2,2,2,2,2,0,8,3,4,5
GAGCGCTGAAGATG-1,0,4,5,0,7,8,6,8,5,0,4,4,4,4,4,1,1,0,3,3,3
GAGCGCTGTCTTAC-1,2,3,4,2,0,3,5,3,6,1,1,0,0,0,3,3,3,1,2,5,6
GAGCGGCTGGGAGT-1,3,1,3,1,3,1,9,0,0,2,2,5,5,5,5,5,2,2,1,1,1
GAGGACGACTCAGA-1,0,0,0,3,1,2,1,1,9,0,0,2,2,2,2,2,0,8,3,4,5
GAGGATCTGAAAGT-1,3,1,3,1,3,1,9,0,0,2,2,5,5,5,5,5,2,2,1,1,1
GAGGCAGACTTGCC-1,0,4,5,6,2,0,4,2,2,0,0,2,2,2,2,2,0,11,3,4,5
GAGGGAACACCAGT-1,0,0,0,3,1,4,3,6,3,0,0,3,3,3,1,0,5,5,0,0,0
GAGGGAACGAGGGT-1,0,0,0,3,1,4,3,6,3,0,0,3,3,3,1,0,5,5,0,0,4
GAGGGATGGGAAAT-1,0,0,0,3,1,2,1,1,8,0,0,3,3,3,1,0,4,4,0,0,0
GAGGGCCTTCACCC-1,0,0,0,3,1,4,3,6,3,0,0,3,3,3,1,0,4,4,0,0,0
GAGGGTGAAGAGTA-1,0,0,0,3,1,2,1,1,8,0,0,3,3,3,1,0,4,4,0,0,7
GAGGTACTACGGTT-1,0,0,0,3,1,2,1,1,9,0,0,3,3,3,1,0,4,4,0,0,8
GAGGTACTACTCAG-1,2,3,4,2,0,3,5,3,6,1,1,0,0,0,3,3,3,1,2,5,6
GAGGTACTGACACT-1,0,4,5,0,7,8,6,8,5,0,4,4,4,4,4,1,1,0,3,3,3
GAGGTACTGGGAGT-1,0,0,0,3,1,2,1,1,9,0,0,3,3,3,1,0,4,4,0,0,0
GAGGTACTTAGCGT-1,2,3,4,2,0,3,7,10,1,1,1,0,0,0,8,8,8,3,2,5,6
GAGGTGGAGTACGT-1,0,0,0,3,1,2,1,1,9,0,0,3,3,3,1,0,4,4,0,0,8
GAGGTGGATCCTCG-1,0,4,5,0,7,8,6,8,5,0,4,4,4,4,4,1,1,0,3,3,3
GAGGTTACTCGTTT-1,2,3,4,2,0,3,7,10,1,1,1,0,0,0,8,8,8,3,2,5,6
GAGGTTTGTAAGCC-1,2,3,4,2,0,3,5,3,6,1,1,0,0,0,3,3,3,1,2,5,6
GAGTCAACCATTCT-1,0,0,0,3,1,2,1,1,9,0,0,3,3,3,1,0,4,4,0,0,8
GAGTCAACGGGAGT-1,0,0,0,3,1,2,1,1,8,0,0,3,3,3,1,0,4,4,0,0,4
GAGTCTGATCGTGA-1,0,0,0,3,1,2,1,1,9,0,0,3,3,3,1,0,4,4,0,0,7
GAGTCTGATTTGGG-1,3,1,3,1,3,1,9,0,0,2,2,5,5,5,5,5,2,2,1,1,1
GAGTGACTCAGCTA-1,0,0,0,3,1,4,3,6,3,0,0,3,3,3,1,0,5,5,0,0,0
GAGTGACTCGGTAT-1,0,0,0,6,2,0,4,2,2,0,0,2,2,2,2,2,0,11,3,4,5
GAGTGACTCTTGCC-1,3,1,3,1,3,1,9,0,0,2,2,5,5,5,5,5,2,2,1,1,1
GAGTGACTGACTAC-1,3,1,3,1,3,1,9,0,0,2,2,5,5,5,5,5,2,2,1,1,1
GAGTGACTGTCTAG-1,0,0,0,3,1,4,3,6,8,0,0,3,3,3,1,0,4,4,0,0,0
GAGTGGGAGTCTTT-1,3,1,3,1,3,1,9,0,0,2,2,5,5,5,5,5,2,2,1,1,1
GAGTGGGATGCCCT-1,0,0,0,3,1,2,1,1,8,0,0,3,3,3,1,0,4,4,0,0,8
GAGTGGGATGCTGA-1,3,1,3,1,3,1,9,0,0,2,2,5,5,5,5,5,2,2,1,1,1
GAGTGTTGCTGTAG-1,0,0,0,3,1,4,3,6,3,0,0,3,3,3,1,0,4,4,0,0,0
GAGTGTTGTGGTCA-1,0,0,0,3,1,2,1,1,8,0,0,3,3,3,1,0,4,4,0,0,0
GAGTTGTGCATGGT-1,2,3,4,2,0,3,5,3,6,1,1,0,0,0,3,3,3,1,2,5,6
GAGTTGTGCTGAGT-1,0,0,5,6,2,0,4,2,2,0,0,2,2,2,2,2,0,11,3,4,5
GAGTTGTGGCGAGA-1,2,3,4,2,0,3,5,3,6,1,1,0,0,0,3,3,3,1,2,5,6
GAGTTGTGGTAGCT-1,1,2,1,5,4,6,2,7,4,3,3,1,1,1,0,4,10,10,5,7,10
GAGTTGTGTATGCG-1,2,3,2,4,6,7,8,9,11,1,1,0,6,6,6,6,6,6,2,2,2
GATAAGGAGAAACA-1,2,3,4,2,0,3,5,3,6,1,1,0,0,0,3,3,3,1,2,5,6
GATAAGGATTCACT-1,2,3,4,2,0,3,5,3,6,1,1,0,0,0,8,8,8,3,2,5,6
GATACTCTATCGGT-1,0,0,0,3,1,2,1,1,8,0,0,3,3,3,1,0,4,4,0,0,8
GATACTCTTACTTC-1,0,0,0,3,1,4,3,6,3,0,0,3,3,3,1,0,5,5,0,0,0
GATACTCTTGACTG-1,2,3,4,2,0,3,7,10,1,1,1,0,0,0,8,8,8,3,2,5,6
GATAGAGAAGGGTG-1,0,4,5,0,7,8,6,8,5,0,4,4,4,4,4,1,1,0,3,3,3
GATAGAGACTGTGA-1,0,0,0,3,1,4,3,6,3,0,0,3,3,3,1,0,4,4,0,0,0
GATAGAGATCACGA-1,2,3,4,2,5,5,0,5,10,1,1,0,0,7,7,7,7,7,4,6,9
GATAGCACCCATAG-1,0,0,0,3,1,4,3,6,3,0,0,3,3,3,1,0,4,4,0,0,0
GATAGCACGAAGGC-1,2,3,2,4,6,7,7,10,1,1,1,0,0,0,8,8,8,3,2,2,2
GATAGCACTTGTCT-1,0,0,0,3,1,2,1,1,8,0,0,3,3,3,1,0,4,4,0,0,7
GATATAACAAGGTA-1,0,0,0,3,1,4,3,6,3,0,0,3,3,3,1,0,5,5,0,0,0
GATATAACACGCAT-1,0,0,0,3,1,2,1,1,9,0,0,3,3,3,1,0,4,4,0,0,8
GATATATGCTGGAT-1,0,0,0,3,1,2,1,1,8,0,0,3,3,3,1,0,4,4,0,0,0
GATATATGTCCGTC-1,0,4,5,6,2,0,4,2,2,0,0,2,2,2,2,2,0,11,3,4,5
GATATATGTGGAGG-1,2,3,4,2,0,3,7,10,1,1,1,0,0,0,8,8,8,3,2,5,6
GATATCCTAGAAGT-1,0,0,0,3,1,4,3,6,8,0,0,3,3,3,1,0,4,4,0,0,0
GATATCCTCCCGTT-1,2,3,4,2,0,3,5,3,6,1,1,0,0,0,3,3,3,1,2,5,6
GATATTGACAGGAG-1,0,0,0,3,1,4,3,4,3,0,0,2,2,2,2,2,0,8,3,4,5
GATATTGACGAGTT-1,2,3,2,4,6,7,8,9,11,1,1,0,6,6,6,6,6,6,2,2,2
GATATTGAGCCAAT-1,0,0,0,3,1,2,1,1,8,0,0,3,3,3,1,0,4,4,0,0,8
GATCCCTGACCTTT-1,0,4,5,0,7,8,6,8,5,0,4,4,4,4,4,1,1,0,3,3,3
GATCCCTGTGTAGC-1,0,0,0,6,2,0,4,2,2,0,0,2,2,2,2,2,0,8,3,4,5
GATCCGCTGGTCAT-1,2,3,4,2,0,3,7,10,1,1,1,0,0,0,8,8,8,3,2,5,6
GATCGAACCGAGAG-1,0,0,0,3,1,4,3,6,3,0,0,3,3,3,1,0,5,5,0,0,0
GATCGATGACTAGC-1,3,1,3,1,3,1,9,0,0,2,2,5,5,5,5,5,2,2,1,1,1
GATCGATGGTAAAG-1,3,1,3,1,3,1,9,0,0,2,2,5,5,5,5,5,2,2,1,1,1
GATCGATGTAAGGA-1,2,3,4,2,0,3,7,10,1,1,1,0,0,0,8,8,8,3,2,5,6
GATCGTGACACTAG-1,0,0,0,3,1,4,3,6,3,0,0,3,3,3,1,0,5,5,0,0,0
GATCGTGATTCACT-1,0,0,0,3,1,4,3,6,8,0,0,3,3,3,1,0,5,5,0,0,4
GATCTACTGGTGAG-1,0,0,0,3,1,4,3,4,3,0,0,3,3,3,1,0,5,5,0,0,8
GATCTACTTTGCAG-1,3,1,3,1,3,1,9,0,0,2,2,5,5,5,5,5,2,2,1,1,1
GATCTTACACCCAA-1,2,3,2,4,6,7,8,9,11,1,1,0,6,6,6,6,6,6,2,2,2
GATCTTACCCTACC-1,0,0,0,3,1,4,3,6,8,0,0,3,3,3,1,0,5,5,0,0,0
GATCTTACGAATAG-1,2,3,4,2,0,3,5,3,6,1,1,0,0,0,3,3,3,1,2,5,6
GATCTTACGAGATA-1,2,3,4,2,0,3,5,3,6,1,1,0,0,0,3,3,3,1,2,5,6
GATGCAACTCCAGA-1,0,0,0,3,1,4,3,6,8,0,0,3,3,3,1,0,5,5,0,0,0
GATGCCCTACGTAC-1,0,0,0,3,1,4,3,6,3,0,0,3,3,3,1,0,5,5,0,0,7
GATGCCCTCTCATT-1,0,0,0,3,1,4,3,6,3,0,0,3,3,3,1,0,4,4,0,0,0
GATGCCCTGGCAAG-1,2,3,4,2,0,3,5,3,6,1,1,0,0,0,8,8,8,3,2,5,6
GATGCCCTTTTGCT-1,0,0,0,3,1,2,1,1,9,0,0,3,3,3,1,0,4,4,0,0,8
GATTACCTTGTTCT-1,0,0,0,3,1,2,1,1,8,0,0,3,3,3,1,0,4,4,0,0,8
GATTCGGAACGACT-1,0,0,0,3,1,2,1,1,9,0,0,3,3,3,1,0,4,4,0,0,8
GATTCGGACAGGAG-1,2,3,4,2,0,3,7,10,1,1,1,0,0,0,8,8,8,3,2,5,6
GATTCGGAGAAGGC-1,2,3,2,4,6,7,8,9,11,1,1,0,0,0,8,8,8,3,2,2,2
GATTCTTGATTCGG-1,2,3,4,2,0,3,7,10,1,1,1,0,0,0,8,8,8,3,2,5,6
GATTCTTGCCGATA-1,0,0,0,3,1,4,3,6,3,0,0,3,3,3,1,0,5,5,0,0,0
GATTCTTGCGAGTT-1,3,1,3,1,3,1,9,0,0,2,2,5,5,5,5,5,2,2,1,1,1
GATTGGACCCGTTC-1,3,1,3,1,3,1,9,0,0,2,2,5,5,5,5,5,2,2,1,1,1
GATTGGACGGTGTT-1,3,1,3,1,3,1,9,0,0,2,2,5,5,5,5,5,2,2,1,1,1
GATTGGACTTTCGT-1,3,1,3,1,3,1,9,0,0,2,2,5,5,5,5,5,2,2,1,1,1
GATTGGTGTGTCAG-1,0,0,0,3,1,4,3,6,3,0,0,3,3,3,1,0,5,5,0,0,0
GATTTAGACACTCC-1,2,3,2,4,6,7,8,9,11,1,1,0,6,6,6,6,6,6,2,2,2
GATTTAGACTAAGC-1,3,1,3,1,3,1,9,0,0,2,2,5,5,5,5,5,2,2,1,1,1
GATTTAGATTCGTT-1,2,3,4,2,0,3,5,3,6,1,1,0,0,0,3,3,3,1,2,5,6
GATTTGCTAACGAA-1,0,0,0,3,1,2,1,1,8,0,0,3,3,3,1,0,4,4,0,0,7
GATTTGCTAACGGG-1,2,3,4,2,0,3,5,3,6,1,1,0,0,0,3,3,3,1,2,5,6
GCAACCCTCCTCGT-1,2,3,4,2,0,3,5,3,6,1,1,0,0,0,3,3,3,1,2,5,6
GCAACTGATTGCGA-1,0,0,0,3,1,2,1,1,8,0,0,3,3,3,1,0,4,4,0,0,7
GCAAGACTACTGGT-1,0,0,0,3,1,4,3,6,3,0,0,3,3,3,1,0,5,5,0,0,0
GCAAGACTAGGTCT-1,0,0,0,3,1,4,3,6,3,0,0,3,3,3,1,0,5,5,0,0,0
GCAAGACTCCCTTG-1,0,0,0,3,1,4,3,6,8,0,0,3,3,3,1,0,4,4,0,0,8
GCAATCGACTGCAA-1,0,0,0,6,2,4,3,4,3,0,0,3,3,3,1,0,4,4,3,4,5
GCAATCGAGACGTT-1,2,3,2,4,6,7,7,9,1,1,1,0,0,0,8,8,8,3,2,2,2
GCAATCGATCCTTA-1,2,3,2,4,6,7,7,10,1,1,1,0,0,0,8,8,8,3,2,2,2
GCAATTCTCGTGTA-1,0,0,0,3,1,2,1,1,3,0,0,3,3,3,1,0,4,4,0,0,8
GCAATTCTTCTCCG-1,0,0,0,3,1,2,3,6,3,0,0,3,3,3,1,0,4,4,0,0,0
GCACAAACAATGCC-1,0,0,0,6,2,0,4,4,2,0,0,2,2,2,2,2,0,8,0,4,5
GCACAAACGGTACT-1,0,0,0,3,1,4,3,6,3,0,0,3,3,3,1,0,4,4,0,0,7
GCACAATGGTGCAT-1,2,3,4,2,5,5,0,5,10,1,1,0,0,7,7,7,7,7,4,6,9
GCACACCTGTGCTA-1,0,4,5,0,7,8,6,8,5,0,4,4,4,4,4,1,1,0,3,3,3
GCACCACTCATGAC-1,2,3,4,2,0,3,5,3,6,1,1,0,0,0,3,3,3,1,2,5,6
GCACCACTGTTTGG-1,2,3,4,2,0,3,5,3,6,1,1,0,0,0,3,3,3,1,2,5,6
GCACCACTTCCTTA-1,0,4,5,0,7,8,6,8,5,0,4,4,4,4,4,1,1,0,3,3,3
GCACCACTTTCGGA-1,2,3,4,2,0,3,7,10,1,1,1,0,0,0,8,8,8,3,2,5,6
GCACCTACGCGATT-1,0,0,0,3,1,4,3,6,3,0,0,3,3,3,1,0,5,5,0,0,0
GCACCTTGGCTGTA-1,0,0,0,3,1,2,1,1,9,0,0,3,3,3,1,0,4,4,0,0,0
GCACCTTGGGGAGT-1,2,3,2,4,6,7,7,10,1,1,1,0,0,0,8,8,8,3,2,2,2
GCACGGACCAGCTA-1,0,0,0,3,1,4,3,6,3,0,0,3,3,3,1,0,4,4,0,0,0
GCACGGTGACCTCC-1,0,0,0,3,1,4,3,6,8,0,0,3,3,3,1,0,5,5,0,0,0
GCACGGTGCTATGG-1,2,3,4,2,0,3,7,10,1,1,1,0,0,0,8,8,8,3,2,5,6
GCACTAGAACGGGA-1,0,0,0,3,1,4,3,6,3,0,0,3,3,3,1,0,5,5,0,0,0
GCACTAGAAGATGA-1,3,1,3,1,3,1,9,0,0,2,2,5,5,5,5,5,2,2,1,1,1
GCACTAGACCTTTA-1,2,3,2,4,6,7,8,9,11,1,1,0,6,6,6,6,6,6,2,2,2
GCACTAGACGTAAC-1,3,1,3,1,3,1,9,0,0,2,2,5,5,5,5,5,2,2,1,1,1
GCACTAGAGTCGTA-1,0,4,5,6,2,0,4,4,2,0,4,4,4,4,4,1,1,0,3,3,3
GCACTAGATGCAAC-1,0,0,0,3,1,4,3,6,3,0,0,3,3,3,1,0,5,5,0,0,0
GCACTGCTGAGGCA-1,0,0,0,6,2,0,4,4,2,0,0,3,3,3,1,0,5,5,3,4,5
GCAGATACAGCGTT-1,0,0,0,6,2,0,4,4,2,0,0,2,2,2,2,2,0,8,3,4,5
GCAGATACGACGGA-1,0,0,0,3,1,2,1,1,9,0,0,3,3,3,1,0,4,4,0,0,7
GCAGATACGCAGAG-1,0,0,0,3,1,4,3,6,3,0,0,3,3,3,1,0,5,5,0,0,0
GCAGCCGACAGTCA-1,0,0,0,3,1,2,1,1,9,0,0,3,3,3,1,0,4,4,0,0,4
GCAGCGTGCACTCC-1,0,0,0,3,1,4,3,6,8,0,0,3,3,3,1,0,5,5,0,0,0
GCAGCTCTCAATCG-1,0,0,0,3,1,2,1,1,9,0,0,3,3,3,1,0,4,4,0,0,7
GCAGCTCTGTTTCT-1,0,0,0,3,1,4,3,6,3,0,0,3,3,3,1,0,5,5,0,0,0
GCAGGGCTAAGAAC-1,0,0,0,3,1,2,1,1,9,0,0,3,3,3,1,0,4,4,0,0,8
GCAGGGCTAAGGGC-1,0,0,0,3,1,4,3,6,3,0,0,3,3,3,1,0,4,4,0,0,7
GCAGGGCTATCGAC-1,0,4,5,0,7,8,6,8,5,0,4,4,4,4,4,1,1,0,3,3,3
GCAGGGCTTGGGAG-1,0,0,0,6,2,0,4,4,2,0,0,2,2,2,2,2,0,8,3,4,5
GCAGTCCTAACTGC-1,0,0,0,3,1,4,3,6,3,0,0,3,3,3,1,0,4,4,0,0,0
GCAGTCCTCTCTTA-1,0,0,0,3,1,2,1,1,8,0,0,3,3,3,1,0,4,4,0,4,5
GCATCAGATGCGTA-1,0,0,0,6,2,0,4,4,2,0,0,2,2,2,2,2,0,8,3,4,5
GCATGTGACAAGCT-1,0,0,0,3,1,2,1,1,9,0,0,3,3,3,1,0,5,5,0,0,4
GCATTGGAGAAGGC-1,0,0,0,3,1,4,3,6,3,0,0,3,3,3,1,0,4,4,0,0,0
GCCAAAACGAGGCA-1,0,0,0,6,2,0,4,4,2,0,0,2,2,2,2,2,0,8,3,4,5
GCCAAATGATCGAC-1,0,0,0,3,1,4,3,4,8,0,0,3,3,3,1,0,4,4,3,4,5
GCCAACCTACGGTT-1,0,0,0,3,1,2,1,1,9,0,0,3,3,3,1,0,4,4,0,0,0
GCCAACCTCGCCTT-1,0,0,0,3,1,2,1,1,9,0,0,3,3,3,1,0,4,4,0,0,4
GCCACGGAGGCGAA-1,2,3,4,2,0,3,5,3,6,1,1,0,0,0,3,3,3,1,2,5,6
GCCACGGATACTGG-1,0,0,0,3,1,2,1,1,9,0,0,3,3,3,1,0,4,4,0,0,8
GCCACTACGTCTTT-1,0,0,0,3,1,4,3,6,3,0,0,3,3,3,1,0,5,5,0,0,0
GCCCAACTACCGAT-1,0,0,0,3,1,4,3,6,8,0,0,3,3,3,1,0,4,4,0,0,8
GCCCAACTATGGTC-1,0,0,0,6,2,0,4,2,2,0,0,2,2,2,2,2,0,11,3,4,5
GCCCATACAGCGTT-1,0,0,0,6,2,0,4,2,2,0,0,3,3,3,1,0,5,5,0,0,0
GCCGACGAACTCTT-1,2,3,4,2,0,3,7,10,1,1,1,0,0,0,8,8,8,3,2,5,6
GCCGAGTGCGTTGA-1,0,0,0,3,1,4,3,4,3,0,0,3,3,3,1,0,5,5,3,4,0
GCCGGAACGAACTC-1,0,0,0,6,2,0,4,4,2,0,0,2,2,2,2,2,0,8,3,4,5
GCCGGAACGTTCTT-1,0,4,5,0,7,8,6,8,5,0,4,4,4,4,4,1,1,0,3,3,3
GCCGGAACTGCACA-1,0,4,5,6,2,0,4,2,2,0,4,4,4,4,4,1,1,0,3,4,5
GCCGGAACTTACTC-1,0,0,0,3,1,4,3,6,8,0,0,3,3,3,1,0,5,5,0,0,4
GCCGTACTACCTGA-1,0,0,0,3,1,2,1,1,9,0,0,3,3,3,1,0,4,4,0,0,8
GCCGTACTGGCAAG-1,2,3,4,2,0,3,5,3,6,1,1,0,0,0,8,8,8,3,2,5,6
GCCTACACAGTTCG-1,0,4,5,0,7,8,6,8,5,0,4,4,4,4,4,1,1,0,3,3,3
GCCTACACCACTGA-1,2,3,2,4,6,7,8,9,11,1,1,0,0,0,8,8,8,3,2,2,2
GCCTACACCTTGAG-1,0,0,0,3,1,4,3,6,8,0,0,3,3,3,1,0,4,4,0,0,8
GCCTAGCTACGGAG-1,3,1,3,1,3,1,9,0,0,2,2,5,5,5,5,5,2,2,1,1,1
GCCTAGCTCTATTC-1,0,0,0,3,1,4,3,6,8,0,0,3,3,3,1,0,5,5,0,0,4
GCCTAGCTTCTCAT-1,0,0,0,3,1,4,3,6,8,0,0,3,3,3,1,0,4,4,0,0,7
GCCTAGCTTCTCTA-1,2,3,2,4,6,7,8,9,11,1,1,0,6,6,6,6,6,6,2,2,2
GCCTCAACCATGGT-1,0,0,0,3,1,2,1,1,8,0,0,3,3,3,1,0,4,4,0,0,0
GCCTCAACTCTTTG-1,0,0,5,6,2,0,4,2,2,0,0,3,3,3,1,0,5,5,0,0,0
GCCTCATGTCTTAC-1,0,0,0,6,2,0,4,4,2,0,0,2,2,2,2,2,0,8,3,4,5
GCCTGACTCTCAAG-1,2,3,4,2,0,3,5,3,6,1,1,0,0,0,3,3,3,1,2,5,6
GCGAAGGAACTCTT-1,0,0,0,3,1,2,1,1,9,0,0,2,2,2,2,2,0,8,0,4,0
GCGAAGGATGCCAA-1,0,0,0,3,1,2,1,1,9,0,0,3,3,3,1,0,4,4,0,0,7
GCGAGAGAGGGACA-1,0,0,0,3,1,4,3,6,3,0,0,3,3,3,1,0,5,5,0,0,7
GCGAGCACTGTCGA-1,3,1,3,1,3,1,9,0,0,2,2,5,5,5,5,5,2,2,1,1,1
GCGAGCACTTGACG-1,0,0,0,3,1,2,1,1,8,0,0,3,3,3,1,0,4,4,0,0,0
GCGAGCACTTGCTT-1,2,3,4,2,0,3,7,10,1,1,1,0,0,0,8,8,8,3,2,6,9
GCGATATGGTACGT-1,0,0,0,3,1,4,3,6,8,0,0,3,3,3,1,0,4,4,0,0,0
GCGATATGGTGTTG-1,0,0,0,3,1,2,1,1,9,0,0,3,3,3,1,0,4,4,0,0,8
GCGCACGAAGTCGT-1,0,0,0,3,1,2,1,1,8,0,0,3,3,3,1,0,4,4,0,0,7
GCGCACGACTTTAC-1,2,3,4,2,0,3,5,3,6,1,1,0,0,0,3,3,3,1,2,5,6
GCGCATCTAGGTCT-1,0,0,0,3,1,2,1,1,9,0,0,3,3,3,1,0,4,4,0,0,8
GCGCATCTGGTTAC-1,1,2,1,5,4,6,2,7,7,1,1,0,0,0,3,3,3,1,5,7,10
GCGCATCTTCGATG-1,0,0,0,3,1,2,1,1,8,0,0,3,3,3,1,0,4,4,0,0,7
GCGCATCTTGCTCC-1,0,4,5,0,7,8,6,8,5,0,4,4,4,4,4,1,1,0,3,3,3
GCGCATCTTTCTAC-1,0,0,0,3,1,4,3,6,3,0,0,3,3,3,1,0,4,4,0,0,4
GCGCGAACGTTCTT-1,3,1,3,1,3,1,9,0,0,2,2,5,5,5,5,5,2,2,1,1,1
GCGCGATGAACGGG-1,0,0,0,3,1,4,3,6,8,0,0,3,3,3,1,0,4,4,0,0,4
GCGCGATGGTGCAT-1,0,4,5,0,7,8,6,8,5,0,4,4,4,4,4,1,1,0,3,3,3
GCGGAGCTCCTGAA-1,0,0,0,3,1,2,1,1,8,0,0,3,3,3,1,0,5,5,0,0,4
GCGGCAACCCGATA-1,0,0,0,3,1,2,1,1,8,0,0,3,3,3,1,0,4,4,0,0,7
GCGGCAACGGAGGT-1,3,1,3,1,3,1,9,0,0,2,2,5,5,5,5,5,2,2,1,1,1
GCGGCAACTGTCGA-1,2,3,4,2,0,3,5,3,6,1,1,0,0,0,3,3,3,1,2,5,6
GCGTAAACACGGTT-1,2,3,2,4,5,5,0,5,10,1,1,0,0,7,7,7,7,7,4,6,9
GCGTAATGCACCAA-1,2,3,2,4,6,7,8,9,11,1,1,0,6,6,6,6,6,6,2,2,2
GCGTATGAACACCA-1,0,0,0,3,1,4,3,6,3,0,0,3,3,3,1,0,5,5,0,0,8
GCGTATGATGAGAA-1,2,3,2,2,0,3,7,10,1,1,1,0,0,0,8,8,8,3,2,2,6
GCTACAGAAAGGTA-1,0,0,0,3,1,2,1,1,8,0,0,3,3,3,1,0,4,4,0,0,8
GCTACAGAATCTTC-1,3,1,3,1,3,1,9,0,0,2,2,5,5,5,5,5,2,2,1,1,1
GCTACCTGAGAAGT-1,2,3,4,2,0,3,7,10,1,1,1,0,0,0,8,8,8,3,2,5,6
GCTACCTGATCACG-1,0,0,0,3,1,4,3,6,3,0,0,3,3,3,1,0,5,5,0,0,0
GCTACGCTAGAATG-1,0,0,0,3,1,2,1,1,8,0,0,3,3,3,1,0,4,4,0,0,7
GCTACGCTAGCTAC-1,0,0,0,3,1,2,1,1,8,0,0,3,3,3,1,0,5,5,0,0,4
GCTACGCTCCCTAC-1,0,0,0,3,1,4,3,6,3,0,0,3,3,3,1,0,4,4,0,0,7
GCTAGAACAGAGGC-1,3,1,3,1,3,1,9,0,0,2,2,5,5,5,5,5,2,2,1,1,1
GCTAGAACGGATCT-1,0,0,0,3,1,4,3,6,3,0,0,3,3,3,1,0,4,4,0,0,0
GCTAGAACTCCCGT-1,0,0,0,3,1,2,1,1,9,0,0,3,3,3,1,0,4,4,0,0,8
GCTAGATGAGCTCA-1,2,3,4,2,0,3,5,3,6,1,1,0,0,0,3,3,3,1,2,5,6
GCTAGATGGCGATT-1,0,0,0,6,2,0,4,4,2,0,0,2,2,2,2,2,0,11,3,4,5
GCTATACTAAGGCG-1,0,0,0,3,1,4,3,6,3,0,0,3,3,3,1,0,4,4,0,0,0
GCTATACTAGCGTT-1,0,0,0,6,2,0,4,2,2,0,0,2,2,2,2,2,0,11,3,4,5
GCTATACTCTCTTA-1,0,0,0,3,1,2,1,1,8,0,0,3,3,3,1,0,4,4,0,0,8
GCTATACTGGACGA-1,0,0,0,3,1,4,3,6,3,0,0,3,3,3,1,0,5,5,0,0,0
GCTCAAGAACCATG-1,2,3,2,4,6,7,8,9,11,1,1,0,6,6,6,6,6,6,2,2,2
GCTCAAGAAGTCAC-1,2,3,2,4,6,7,7,9,1,1,1,0,0,0,8,8,8,3,2,2,2
GCTCAGCTGTCTAG-1,0,0,0,3,1,2,1,1,9,0,0,3,3,3,1,0,4,4,0,0,8
GCTCCATGAGAAGT-1,0,4,5,6,2,0,4,2,2,0,0,3,3,3,1,0,5,5,3,4,5
GCTCCATGCCGAAT-1,0,0,0,3,1,4,3,6,3,0,0,3,3,3,1,0,5,5,0,0,8
GCTCGACTCTAGTG-1,2,3,4,2,0,3,5,3,6,1,1,0,0,0,3,3,3,1,2,5,6
GCTGATGAGGTATC-1,2,3,4,2,0,3,5,3,6,1,1,0,0,0,3,3,3,1,2,5,6
GCTTAACTACAGTC-1,2,3,4,2,0,3,5,3,6,1,1,0,0,0,3,3,3,1,2,5,6
GCTTAACTACTGGT-1,0,4,5,6,2,0,4,2,2,0,0,2,2,2,2,2,0,11,3,4,5
GCTTAACTGCTGAT-1,0,0,0,3,1,2,1,1,9,0,0,3,3,3,1,0,4,4,0,0,0
GCTTAACTTAGACC-1,2,3,4,2,0,3,5,3,6,1,1,0,0,0,3,3,3,1,2,5,6
GCTTAACTTCAGTG-1,0,0,0,3,1,2,3,6,3,0,0,3,3,3,1,0,4,4,0,0,8
GGAACACTCACTTT-1,2,3,4,2,0,3,5,3,6,1,1,0,0,0,3,3,3,1,2,5,6
GGAACACTTCAGAC-1,1,2,1,5,4,6,2,7,7,3,3,1,1,1,0,9,9,9,5,7,10
GGAACTACTACTTC-1,0,0,0,3,1,2,3,1,8,0,0,3,3,3,1,0,4,4,0,0,0
GGAACTTGAAGGTA-1,2,3,4,2,0,3,7,10,1,1,1,0,0,0,8,8,8,3,2,5,6
GGAACTTGAGAATG-1,0,0,0,3,1,2,1,1,9,0,0,3,3,3,1,0,4,4,0,4,0
GGAACTTGCTCCAC-1,2,3,4,2,0,3,7,10,1,1,1,0,0,0,8,8,8,3,2,5,6
GGAACTTGGGTAGG-1,3,1,3,1,3,1,9,0,0,2,2,5,5,5,5,5,2,2,1,1,1
GGAAGGACATCGGT-1,2,3,4,2,0,3,5,3,6,1,1,0,0,0,3,3,3,1,2,5,6
GGAAGGACCACTAG-1,0,0,0,3,1,4,3,6,3,0,0,3,3,3,1,0,4,4,0,0,0
GGAAGGACGAGGGT-1,0,0,0,3,1,4,3,6,3,0,0,3,3,3,1,0,5,5,0,0,0
GGAAGGACGCGAAG-1,0,0,0,6,2,0,4,4,2,0,0,2,2,2,2,2,0,8,0,0,0
GGAAGGTGGCGAGA-1,0,4,5,0,7,8,6,8,5,0,4,4,4,4,4,1,1,0,3,3,3
GGAATCTGAAGGGC-1,0,0,0,3,1,2,1,1,9,0,0,3,3,3,1,0,4,4,0,0,8
GGAATCTGAGGAGC-1,0,0,0,3,1,4,3,6,8,0,0,3,3,3,1,0,4,4,0,0,4
GGAATCTGCTTAGG-1,3,1,3,1,3,1,9,0,0,2,2,5,5,5,5,5,2,2,1,1,1
GGAATCTGCTTGTT-1,2,3,4,2,0,3,7,10,1,1,1,0,0,0,8,8,8,3,2,5,6
GGAATCTGGGAGGT-1,0,0,0,3,1,4,3,6,8,0,0,3,3,3,1,0,4,4,0,0,7
GGAATGCTTTCTAC-1,0,0,0,3,1,2,1,1,9,0,0,3,3,3,1,0,4,4,0,0,0
GGACAGGAAAGGGC-1,0,0,0,6,2,0,4,4,2,0,0,2,2,2,2,2,0,8,3,4,5
GGACAGGAGTGCTA-1,3,1,3,1,3,1,9,0,0,2,2,5,5,5,5,5,2,2,1,1,1
GGACAGGATCTCGC-1,0,0,0,3,1,4,3,6,3,0,0,3,3,3,1,0,5,5,0,0,0
GGACCCGAAGCTAC-1,2,3,4,2,0,3,7,10,1,1,1,0,0,0,8,8,8,3,2,5,6
GGACCGTGCTTACT-1,2,3,4,2,0,3,5,3,6,1,1,0,0,0,3,3,3,1,2,5,6
GGACCGTGGGAACG-1,2,3,2,4,5,5,0,5,10,1,1,0,0,7,7,7,7,7,4,6,9
GGACCGTGTAACGC-1,0,0,0,3,1,4,3,6,3,0,0,3,3,3,1,0,4,4,0,0,0
GGACCTCTGTAAGA-1,2,3,4,2,0,3,7,10,1,1,1,0,0,0,8,8,8,3,2,5,6
GGACCTCTTTTCTG-1,0,4,5,6,2,0,4,2,2,0,0,2,2,2,2,2,0,11,3,4,5
GGACGAGAGTGTCA-1,2,3,4,2,0,3,5,3,6,1,1,0,0,0,3,3,3,1,2,5,6
GGACGCTGACGCAT-1,0,0,0,6,2,0,4,4,2,0,0,2,2,2,2,2,0,8,3,4,5
GGACGCTGCTAGCA-1,0,0,0,3,1,2,1,1,9,0,0,3,3,3,1,0,4,4,0,0,8
GGACGCTGTCCTCG-1,0,4,5,0,7,8,6,8,5,0,4,4,4,4,4,1,1,0,3,3,3
GGAGAGACGTGAGG-1,0,0,0,3,1,4,3,6,3,0,0,3,3,3,1,0,4,4,0,1,0
GGAGCAGATTCAGG-1,3,1,3,1,3,2,1,1,9,2,2,5,5,5,5,5,2,2,1,1,1
GGAGCCACCTTCTA-1,3,1,3,1,3,1,9,0,0,2,2,5,5,5,5,5,2,2,1,1,1
GGAGCGCTACGCAT-1,2,3,2,4,6,7,7,10,1,1,1,0,0,0,8,8,8,3,2,2,2
GGAGCGCTCCGAAT-1,0,0,0,3,1,4,3,6,3,0,0,3,3,3,1,0,5,5,0,0,0
GGAGGATGCCACCT-1,0,0,0,3,1,2,1,1,9,0,0,3,3,3,1,0,4,4,0,0,8
GGAGGATGGTTGAC-1,2,3,4,2,0,3,7,10,1,1,1,0,0,0,8,8,8,3,2,5,6
GGAGGATGTCAGTG-1,2,3,4,2,0,3,7,10,1,1,1,0,0,0,3,3,3,1,2,5,6
GGAGGCCTCGTTGA-1,0,4,5,0,7,8,6,8,5,0,4,4,4,4,4,1,1,0,3,3,3
GGAGGCCTTTCTTG-1,0,0,0,3,1,2,3,1,8,0,0,3,3,3,1,0,4,4,0,0,7
GGAGGTGATACGCA-1,0,0,0,3,1,4,3,6,3,0,0,3,3,3,1,0,5,5,0,0,8
GGAGGTGATCGCTC-1,0,0,0,3,1,4,3,6,3,0,0,3,3,3,1,0,4,4,0,0,7
GGATACTGCAGCTA-1,0,0,0,3,1,4,3,6,3,0,0,3,3,3,1,0,5,5,0,0,0
GGATACTGTCTAGG-1,0,0,0,3,1,4,3,6,3,0,0,3,3,3,1,0,4,4,0,0,0
GGATAGCTCGTCTC-1,0,0,0,3,1,4,3,6,3,0,0,3,3,3,1,0,5,5,0,0,0
GGATAGCTCTGAAC-1,0,0,0,6,2,0,4,2,2,0,0,2,2,2,2,2,0,11,3,4,5
GGATGTACCAAAGA-1,3,1,3,1,3,1,9,0,0,2,2,5,5,5,5,5,2,2,1,1,1
GGATGTACGCGAAG-1,0,0,0,3,1,2,1,1,9,0,0,3,3,3,1,0,4,4,0,0,8
GGATGTACGTCTTT-1,2,3,4,2,0,3,5,3,6,1,1,0,0,0,3,3,3,1,2,5,6
GGATGTACGTGTCA-1,0,0,0,6,2,0,4,4,2,0,0,3,3,3,1,0,5,5,3,4,5
GGATTTCTAGGTTC-1,0,0,0,3,1,2,1,1,9,0,0,3,3,3,1,0,5,5,0,0,8
GGATTTCTTTGTCT-1,2,3,2,4,6,7,7,10,1,1,1,0,0,0,8,8,8,3,2,2,2
GGCAAGGAAAAAGC-1,0,4,5,0,7,8,6,8,5,0,4,4,4,4,4,1,1,0,3,3,3
GGCAAGGAAGAAGT-1,0,0,0,3,1,4,3,6,8,0,0,3,3,3,1,0,5,5,0,0,0
GGCAAGGACTTGGA-1,2,3,4,2,0,3,7,10,1,1,1,0,0,0,8,8,8,3,2,5,6
GGCAAGGAGGACTT-1,0,0,0,3,1,2,1,1,9,0,0,2,2,2,2,2,0,8,0,0,8
GGCAATACGCTAAC-1,3,1,3,1,3,1,9,0,0,2,2,5,5,5,5,5,2,2,1,1,1
GGCAATACGGCATT-1,0,0,0,6,2,0,4,2,2,0,0,2,2,2,2,2,0,8,3,4,5
GGCAATACGTTTCT-1,3,1,3,1,3,1,9,0,0,2,2,5,5,5,5,5,2,2,1,1,1
GGCACGTGGCTTAG-1,2,3,2,4,6,7,8,9,11,1,1,0,6,6,6,6,6,6,2,2,2
GGCACTCTTTTGTC-1,0,0,0,3,1,4,3,6,3,0,0,3,3,3,1,0,5,5,0,0,0
GGCATATGCTTATC-1,0,4,5,0,7,8,6,8,5,0,4,4,4,4,4,1,1,0,3,3,3
GGCATATGGGGAGT-1,1,2,1,5,4,6,2,7,7,3,3,1,1,1,0,9,9,9,5,7,10
GGCATATGTGTGAC-1,0,0,0,3,1,4,3,6,3,0,0,3,3,3,1,0,5,5,0,0,0
GGCCACGACAGAGG-1,0,0,0,3,1,2,1,1,9,0,0,3,3,3,1,0,4,4,0,0,8
GGCCAGACTGGTTG-1,0,0,0,3,1,4,3,6,3,0,0,3,3,3,1,0,5,5,0,0,0
GGCCCAGAAAGTAG-1,2,3,4,2,0,3,7,10,1,1,1,0,0,0,3,3,3,1,2,5,6
GGCCGAACAACGAA-1,0,0,0,3,1,2,1,1,8,0,0,3,3,3,1,0,4,4,0,0,4
GGCCGAACGCAGAG-1,0,0,0,3,1,2,1,1,9,0,0,3,3,3,1,0,5,5,0,0,8
GGCCGAACGTAGGG-1,0,0,0,3,1,2,1,1,8,0,0,3,3,3,1,0,4,4,0,0,4
GGCCGAACTCTAGG-1,0,4,5,0,7,8,6,8,5,0,4,4,4,4,4,1,1,0,3,3,3
GGCCGATGCAGGAG-1,0,0,0,3,1,4,3,6,8,0,0,3,3,3,1,0,5,5,0,0,8
GGCCGATGCCGAAT-1,0,0,0,3,1,4,3,6,3,0,0,3,3,3,1,0,5,5,0,0,0
GGCCGATGTACTCT-1,0,0,0,6,2,0,4,4,2,0,0,2,2,2,2,2,0,8,3,4,5
GGCGACACTGCCCT-1,0,4,5,6,2,0,4,4,2,0,4,4,4,4,4,1,1,0,3,3,3
GGCGACTGCGTAAC-1,0,0,0,3,1,2,1,1,8,0,0,3,3,3,1,0,5,5,0,0,0
GGCGCATGCCTAAG-1,2,3,2,4,6,7,8,9,11,1,1,0,6,6,6,6,6,6,2,2,2
GGCGCATGCTCCAC-1,0,0,0,3,1,4,3,6,8,0,0,3,3,3,1,0,4,4,0,0,0
GGCGCATGTGGAAA-1,0,0,0,3,1,2,1,1,9,0,0,3,3,3,1,0,4,4,0,0,8
GGCGGACTAGAGGC-1,0,0,0,3,1,4,3,6,3,0,0,3,3,3,1,0,5,5,0,0,0
GGCGGACTAGGAGC-1,0,0,0,6,2,0,4,4,2,0,0,2,2,2,2,2,0,8,3,4,5
GGCGGACTCTGACA-1,0,0,0,3,1,2,1,1,9,0,0,3,3,3,1,0,4,4,0,0,8
GGCGGACTCTTGGA-1,0,0,0,6,2,0,4,4,2,0,0,2,2,2,2,2,0,8,3,4,5
GGCGGACTTACTGG-1,0,0,0,3,1,2,1,1,9,0,0,3,3,3,1,0,4,4,0,0,8
GGCGGACTTGAACC-1,0,0,0,3,1,2,1,1,9,0,0,3,3,3,1,0,4,4,0,0,8
GGCTAAACACCTGA-1,0,4,5,0,7,8,6,8,5,0,4,4,4,4,4,1,1,0,3,3,3
GGCTAAACTCTTAC-1,0,0,0,3,1,2,1,1,8,0,0,3,3,3,1,0,4,4,0,0,0
GGCTAATGAGCACT-1,0,0,0,6,2,0,4,2,2,0,0,2,2,2,2,2,0,11,3,4,5
GGCTAATGGTCTAG-1,0,0,0,3,1,2,1,1,9,0,0,3,3,3,1,0,4,4,0,0,0
GGCTCACTACTCAG-1,2,3,4,2,0,3,7,10,1,1,1,0,0,0,8,8,8,3,2,5,6
GGGAACGAAGCTCA-1,2,3,2,4,6,7,8,9,11,1,1,0,6,6,6,6,6,6,2,2,2
GGGAACGACACAAC-1,3,1,3,1,3,1,9,0,0,2,2,5,5,5,5,5,2,2,1,1,1
GGGAACGAGTGTCA-1,2,3,4,2,0,3,5,3,6,1,1,0,0,0,3,3,3,1,2,5,6
GGGAAGTGTTGAGC-1,2,3,4,2,0,3,5,3,6,1,1,0,0,0,3,3,3,1,2,5,6
GGGACCACACGTTG-1,0,4,5,6,2,0,4,2,2,0,0,2,2,2,2,2,0,11,3,4,5
GGGACCACAGAACA-1,0,0,0,3,1,2,3,1,8,0,0,3,3,3,1,0,4,4,0,0,4
GGGACCACGAATAG-1,0,0,0,3,1,4,3,6,3,0,0,3,3,3,1,0,5,5,0,0,0
GGGACCACGTCATG-1,0,0,0,3,1,2,1,1,8,0,0,3,3,3,1,0,4,4,0,0,8
GGGACCACTCAAGC-1,0,0,0,3,1,2,1,1,9,0,0,3,3,3,1,0,4,4,0,0,0
GGGACCACTCGTGA-1,0,0,0,3,1,2,1,1,8,0,0,3,3,3,1,0,4,4,0,0,8
GGGACCACTGCATG-1,0,0,0,3,1,2,1,1,9,0,0,3,3,3,1,0,4,4,0,0,8
GGGACCTGACCCTC-1,2,3,4,2,0,3,7,10,1,1,1,0,0,0,3,3,3,1,2,5,6
GGGACCTGCTTGCC-1,0,0,0,3,1,2,1,1,8,0,0,3,3,3,1,0,4,4,0,0,8
GGGACCTGTGGAGG-1,3,1,3,1,3,1,9,0,0,2,2,5,5,5,5,5,2,2,1,1,1
GGGATGGACGACAT-1,3,1,3,1,3,1,9,0,0,2,2,5,5,5,5,5,2,2,1,1,1
GGGATGGATACTTC-1,0,0,0,3,1,4,3,6,3,0,0,3,3,3,1,0,4,4,0,0,8
GGGATGGATGGTTG-1,2,3,4,2,0,3,7,10,1,1,1,0,0,0,8,8,8,3,2,5,6
GGGATTACGTCTAG-1,0,0,0,3,1,4,3,6,8,0,0,3,3,3,1,0,4,4,0,0,0
GGGCAAGATGCATG-1,2,3,4,2,0,3,5,3,6,1,1,0,0,0,3,3,3,1,2,5,6
GGGCACACGGTGAG-1,2,3,2,4,6,7,8,9,11,1,1,0,6,6,6,6,6,6,2,2,2
GGGCACACGTTGCA-1,0,0,0,3,1,4,3,6,3,0,0,3,3,3,1,0,5,5,0,0,0
GGGCAGCTTGGGAG-1,0,0,0,6,2,0,4,4,2,0,0,3,3,3,1,0,5,5,3,0,0
GGGCAGCTTTTCTG-1,0,0,0,3,1,2,1,1,8,0,0,3,3,3,1,0,5,5,0,0,8
GGGCCAACCTTGGA-1,2,3,2,4,5,5,0,5,10,1,1,0,0,7,7,7,7,7,4,6,9
GGGCCAACGCGTTA-1,3,1,3,1,3,1,9,0,0,2,2,5,5,5,5,5,2,2,1,1,1
GGGCCAACTACGCA-1,2,3,4,2,0,3,5,3,6,1,1,0,0,0,3,3,3,1,2,5,6
GGGCCAACTCCAAG-1,3,1,3,1,3,1,9,0,0,2,2,5,5,5,5,5,2,2,1,1,1
GGGCCATGATGGTC-1,0,0,0,6,2,4,3,4,3,0,0,2,2,2,2,2,0,8,3,4,0
GGGCCATGTTGACG-1,0,0,0,3,1,4,3,6,3,0,0,3,3,3,1,0,5,5,0,0,0
GGGTAACTCAGCTA-1,0,0,0,3,1,4,3,6,8,0,0,3,3,3,1,0,4,4,0,0,4
GGGTAACTCTAGTG-1,3,1,3,1,3,1,9,0,0,2,2,5,5,5,5,5,2,2,1,1,1
GGGTAACTCTGGAT-1,0,0,0,3,1,2,1,1,9,0,0,3,3,3,1,0,4,4,0,0,0
GGGTTAACGTGCAT-1,0,4,5,0,7,8,6,8,5,0,4,4,4,4,4,1,1,0,3,3,3
GGTAAAGAGCTAAC-1,0,4,5,0,7,8,6,2,5,0,4,4,4,4,4,1,1,0,3,3,3
GGTACAACTGCAAC-1,0,0,0,3,1,4,3,6,3,0,0,3,3,3,1,0,5,5,0,0,0
GGTACATGAAAGCA-1,3,1,3,1,3,1,9,0,0,2,2,5,5,5,5,5,2,2,1,1,1
GGTACATGAGCTCA-1,0,0,0,6,2,0,4,4,3,0,0,2,2,2,2,2,0,8,0,4,5
GGTACATGCGGTAT-1,0,0,0,3,1,2,1,1,9,0,0,3,3,3,1,0,4,4,0,0,8
GGTACATGGTTACG-1,0,0,0,3,1,2,1,1,9,0,0,3,3,3,1,0,4,4,0,0,4
GGTACATGTGGGAG-1,0,0,0,3,1,4,3,6,3,0,0,3,3,3,1,0,5,5,0,0,0
GGTACTGAACTCTT-1,2,3,4,2,0,3,5,3,6,1,1,0,0,0,3,3,3,1,2,5,6
GGTAGTACACCACA-1,0,0,0,6,2,0,4,4,2,0,0,2,2,2,2,2,0,8,3,4,5
GGTAGTACACTAGC-1,2,3,4,2,0,3,5,3,6,1,1,0,0,0,3,3,3,1,2,5,6
GGTAGTACCCTGTC-1,0,0,0,3,1,2,1,1,8,0,0,3,3,3,1,0,4,4,0,0,8
GGTAGTACGCCATA-1,2,3,4,2,0,3,5,3,6,1,1,0,0,0,3,3,3,1,2,5,6
GGTAGTACTGTCTT-1,0,0,0,3,1,4,3,6,3,0,0,3,3,3,1,0,5,5,0,0,8
GGTATCGAGACAAA-1,0,0,0,3,1,2,5,3,9,1,1,0,0,0,3,3,3,1,2,5,6
GGTATCGATGAACC-1,3,1,3,1,3,1,9,0,0,2,2,5,5,5,5,5,2,2,1,1,1
GGTCAAACCAAAGA-1,0,0,0,3,1,4,3,6,8,0,0,3,3,3,1,0,4,4,0,0,7
GGTCTAGAGAAACA-1,2,3,4,2,0,3,5,3,6,1,1,0,0,0,3,3,3,1,2,5,6
GGTCTAGATAGCGT-1,2,3,2,4,6,7,7,10,1,1,1,0,0,0,8,8,8,3,2,2,2
GGTGATACCGACTA-1,3,1,3,1,3,1,9,0,0,2,2,5,5,5,5,5,2,2,1,1,1
GGTGATACGACTAC-1,2,3,4,2,0,3,5,10,6,1,1,0,0,0,3,3,3,1,2,5,6
GGTGATACTGTTTC-1,0,0,0,3,1,2,1,1,8,0,0,3,3,3,1,0,4,4,0,0,8
GGTGGAGAAACGGG-1,0,4,5,0,7,8,6,8,5,0,4,4,4,4,4,1,1,0,3,3,3
GGTGGAGAAGTAGA-1,0,0,0,3,1,4,3,6,8,0,0,3,3,3,1,0,4,4,0,0,0
GGTGGAGACAGATC-1,0,4,5,6,2,0,4,4,2,0,4,4,4,4,4,1,1,0,3,3,3
GGTGGAGATCGATG-1,0,0,0,3,1,4,3,6,8,0,0,3,3,3,1,0,5,5,0,0,7
GGTGGAGATCTCTA-1,2,3,4,2,0,3,5,3,6,1,1,0,0,0,3,3,3,1,2,5,6
GGTGGAGATTACTC-1,0,4,5,6,2,0,4,2,2,0,0,2,2,2,2,2,0,11,3,4,5
GGTTTACTACGCAT-1,0,0,0,6,2,0,4,4,2,0,0,2,2,2,2,2,0,11,3,4,5
GTAACGTGACCTCC-1,2,3,4,2,0,3,7,10,1,1,1,0,0,0,8,8,8,3,2,5,6
GTAACGTGATCGGT-1,3,1,3,1,3,1,9,0,0,2,2,5,5,5,5,5,2,2,1,1,1
GTAACGTGCAGCTA-1,3,1,3,1,3,1,9,0,0,2,2,5,5,5,5,5,2,2,1,1,1
GTAACGTGGTTGAC-1,3,1,3,1,3,1,9,0,0,2,2,5,5,5,5,5,2,2,1,1,1
GTAAGCACAACGGG-1,0,0,0,3,1,4,3,6,8,0,0,3,3,3,1,0,4,4,0,0,0
GTAAGCACTCATTC-1,3,1,3,1,3,1,9,0,0,2,2,5,5,5,5,5,2,2,1,1,1
GTAAGCTGGTACCA-1,2,3,4,2,0,3,5,3,6,1,1,0,0,0,8,8,8,3,2,5,6
GTAATAACCTTCTA-1,2,3,4,2,0,3,5,3,6,1,1,0,0,0,8,8,8,3,2,5,6
GTAATAACGTTGTG-1,0,0,0,3,1,2,1,1,9,0,0,3,3,3,1,0,4,4,0,0,8
GTACCCTGACAGTC-1,2,3,2,4,6,7,8,9,11,1,1,0,6,6,6,6,6,6,2,2,2
GTACCCTGGAGCTT-1,0,0,0,3,1,4,3,6,8,0,0,3,3,3,1,0,5,5,0,0,4
GTACCCTGTCCTTA-1,0,4,5,0,7,0,4,2,2,0,0,2,2,2,2,2,0,11,3,4,3
GTACCCTGTGAACC-1,0,0,0,3,1,2,1,1,9,0,0,3,3,3,1,0,5,5,0,0,4
GTACGTGAACGTTG-1,0,0,0,6,2,0,4,2,2,0,0,2,2,2,2,2,0,11,3,4,5
GTACTTTGTCGACA-1,0,0,0,6,2,0,4,4,2,0,0,2,2,2,2,2,0,8,3,4,5
GTAGACTGAGATGA-1,2,3,4,2,0,3,7,10,1,1,1,0,0,0,8,8,8,3,2,5,6
GTAGACTGTATTCC-1,0,0,0,3,1,2,1,1,8,0,0,3,3,3,1,0,5,5,0,0,7
GTAGCAACAGTCGT-1,2,3,4,2,0,3,5,3,6,1,1,0,0,0,3,3,3,1,2,5,6
GTAGCAACCATTTC-1,3,1,3,1,3,1,9,0,0,2,2,5,5,5,5,5,2,2,1,1,1
GTAGCAACGGTAGG-1,2,3,4,2,0,3,5,3,6,1,1,0,0,0,3,3,3,1,2,5,6
GTAGCATGCACTCC-1,3,1,3,1,3,1,9,0,0,2,2,5,5,5,5,5,2,2,1,1,1
GTAGCATGTAAGCC-1,2,3,4,2,0,3,5,3,6,1,1,0,0,0,3,3,3,1,2,5,6
GTAGCCCTGACGTT-1,0,0,0,3,1,2,1,1,8,0,0,3,3,3,1,0,4,4,0,0,8
GTAGCTGAAGCTAC-1,2,3,2,4,6,7,8,9,11,1,1,0,6,6,6,6,6,6,2,2,2
GTAGCTGAATTCGG-1,0,0,0,3,1,4,3,6,3,0,0,3,3,3,1,0,5,5,0,0,0
GTAGGTACACGGGA-1,2,3,4,2,0,3,7,10,1,1,1,0,0,0,3,3,3,1,2,5,6
GTAGTGACCTCATT-1,0,0,0,3,1,2,1,1,9,0,0,3,3,3,1,0,4,4,0,0,8
GTAGTGTGAGCGGA-1,0,4,5,0,7,8,6,8,5,0,4,4,4,4,4,1,1,0,3,3,3
GTAGTGTGAGGCGA-1,2,3,4,2,0,3,5,3,6,1,1,0,0,0,3,3,3,1,2,5,6
GTAGTGTGTGGTTG-1,0,0,0,3,1,2,1,1,9,0,0,3,3,3,1,0,4,4,0,0,8
GTATCACTGGTAGG-1,2,3,4,2,0,3,7,10,1,1,1,0,0,0,3,3,3,1,2,5,6
GTATCTACAGAAGT-1,0,4,5,0,7,0,4,2,5,0,4,4,4,4,4,1,1,0,3,3,3
GTATCTACGACGAG-1,0,0,0,6,2,0,4,2,2,0,0,2,2,2,2,2,0,8,3,4,5
GTATCTACGTTACG-1,0,0,0,3,1,4,3,6,3,0,0,3,3,3,1,0,5,5,0,0,0
GTATTAGAAACAGA-1,0,0,0,6,2,4,3,6,3,0,0,3,3,3,1,0,5,5,0,0,0
GTATTAGAGGTCTA-1,0,0,0,3,1,2,1,1,9,0,0,2,2,2,2,2,0,8,0,0,8
GTATTCACACAGCT-1,0,0,0,3,1,2,1,1,8,0,0,3,3,3,1,0,4,4,0,0,8
GTATTCACGGGTGA-1,0,0,0,6,2,0,4,2,2,0,0,2,2,2,2,2,0,11,3,4,5
GTCAACGACACTGA-1,0,0,0,3,1,4,3,6,3,0,0,3,3,3,1,0,5,5,0,0,0
GTCAACGAGTGTAC-1,2,3,4,2,0,3,5,3,6,1,1,0,0,0,8,8,8,3,2,5,6
GTCAATCTACACCA-1,0,0,0,6,2,0,4,4,2,0,0,2,2,2,2,2,0,8,3,4,5
GTCAATCTGTAGCT-1,0,0,0,6,2,0,4,4,2,0,0,2,2,2,2,2,0,8,3,0,0
GTCAATCTTGTGGT-1,0,0,0,3,1,2,1,1,9,0,0,3,3,3,1,0,4,4,0,0,7
GTCACCTGCCTCCA-1,0,0,0,3,1,2,3,1,8,0,0,3,3,3,1,0,4,4,0,0,0
GTCACCTGTCCCGT-1,0,0,0,3,1,4,3,6,8,0,0,3,3,3,1,0,5,5,0,0,7
GTCATACTAATCGC-1,3,1,3,1,3,1,9,0,0,2,2,5,5,5,5,5,2,2,1,1,1
GTCATACTGCGATT-1,0,4,5,0,7,0,4,2,2,0,0,2,2,2,2,2,0,11,3,4,5
GTCATACTTCGCCT-1,1,2,1,5,4,6,2,7,7,3,3,1,1,1,0,9,9,9,5,7,10
GTCATACTTTACCT-1,0,0,0,6,2,0,4,4,2,0,0,2,2,2,2,2,0,8,3,4,5
GTCATACTTTGACG-1,0,0,0,3,1,4,3,6,8,0,0,3,3,3,1,0,5,5,0,0,0
GTCCAAGAAAAACG-1,0,0,0,3,1,2,1,1,9,0,0,3,3,3,1,0,4,4,0,0,8
GTCCACTGACCTCC-1,0,0,0,3,1,2,1,1,9,0,0,3,3,3,1,0,4,4,0,4,0
GTCCACTGGGTACT-1,2,3,2,4,6,7,8,9,11,1,1,0,6,6,6,6,6,6,2,2,2
GTCCAGCTACGGGA-1,0,0,0,3,1,2,1,1,8,0,0,3,3,3,1,0,4,4,0,0,8
GTCCCATGTGGTGT-1,2,3,2,4,6,7,7,10,1,1,1,0,0,0,8,8,8,3,2,2,2
GTCGAATGAAGGCG-1,2,3,4,2,0,3,7,10,1,1,1,0,0,0,8,8,8,3,2,5,6
GTCGACCTGAATGA-1,0,4,5,0,7,8,6,8,5,0,4,4,4,4,4,1,1,0,3,3,3
GTCGACCTGTTCAG-1,0,0,0,3,1,2,1,1,9,0,0,3,3,3,1,0,4,4,0,0,8
GTCGCACTTGAGAA-1,3,1,3,1,3,1,9,0,0,2,2,5,5,5,5,5,2,2,1,1,1
GTCTAACTGGTCTA-1,2,3,2,4,6,7,8,9,11,1,1,0,0,0,8,8,8,3,2,2,2
GTCTAGGAGCTTCC-1,2,3,4,2,0,3,7,10,1,1,1,0,0,0,8,8,8,3,2,5,6
GTGAACACACTCTT-1,0,0,0,3,1,2,1,1,9,0,0,3,3,3,1,0,4,4,0,0,8
GTGAACACTCAGGT-1,0,0,0,3,1,2,1,1,9,0,0,3,3,3,1,0,4,4,0,0,8
GTGACCCTTAAGCC-1,0,0,0,6,2,0,4,4,2,0,0,2,2,2,2,2,0,8,0,4,0
GTGATGACAAGTGA-1,0,0,0,3,1,4,3,6,3,0,0,3,3,3,1,0,5,5,0,0,0
GTGATGACCTGAGT-1,3,1,3,1,3,1,9,0,0,2,2,5,5,5,5,5,2,2,1,1,1
GTGATGACGGTTTG-1,0,0,0,6,2,0,4,4,2,0,0,2,2,2,2,2,0,8,3,4,5
GTGATTCTCATTTC-1,0,0,0,3,1,4,3,6,3,0,0,3,3,3,1,0,5,5,0,0,7
GTGATTCTCTCTCG-1,2,3,4,2,0,3,5,3,6,1,1,0,0,0,3,3,3,1,2,5,6
GTGATTCTGGTTCA-1,0,4,5,0,7,8,6,8,5,0,4,4,4,4,4,1,1,0,3,3,3
GTGATTCTGTCGAT-1,0,0,0,3,1,2,1,1,9,0,0,3,3,3,1,0,4,4,0,0,8
GTGATTCTTAGCGT-1,3,1,3,1,3,1,9,0,0,2,2,5,5,5,5,5,2,2,1,1,1
GTGCCACTCAGGAG-1,0,0,0,3,1,2,1,1,8,0,0,3,3,3,1,0,4,4,0,0,8
GTGGATTGCACTAG-1,2,3,2,4,6,7,8,9,11,1,1,0,6,6,6,6,6,6,2,2,2
GTGGATTGCGGAGA-1,0,0,0,3,1,4,3,6,3,0,0,3,3,3,1,0,4,4,0,0,7
GTGGATTGTAACGC-1,0,0,0,3,1,2,1,1,9,0,0,3,3,3,1,0,4,4,0,0,8
GTGTACGATCAGTG-1,0,0,0,3,1,2,3,6,8,0,0,3,3,3,1,0,5,5,0,0,0
GTGTAGTGGGTACT-1,0,0,0,3,1,4,3,6,3,0,0,3,3,3,1,0,5,5,0,0,0
GTGTATCTAGCCTA-1,3,1,3,1,3,1,9,0,0,2,2,5,5,5,5,5,2,2,1,1,1
GTGTATCTAGTAGA-1,0,4,5,6,2,0,4,2,2,0,4,4,4,4,4,1,1,0,3,3,3
GTGTATCTGTTACG-1,3,1,3,1,3,1,9,0,0,2,2,5,5,5,5,5,2,2,1,1,1
GTGTCAGAAGCGTT-1,0,4,5,6,2,0,4,2,2,0,0,2,2,2,2,2,0,8,3,4,5
GTTAAAACCGAGAG-1,0,4,5,0,7,8,6,8,5,0,4,4,4,4,4,1,1,0,3,3,3
GTTAAATGCTCGAA-1,0,0,0,3,1,2,1,1,9,0,0,3,3,3,1,0,4,4,0,0,8
GTTAAATGTCGACA-1,3,1,3,1,3,1,9,0,0,2,2,5,5,5,5,5,2,2,1,1,1
GTTAACCTAGCTAC-1,0,0,0,3,1,2,1,1,9,0,0,3,3,3,1,0,4,4,0,4,8
GTTAACCTTGCTTT-1,2,3,2,4,5,5,0,5,10,1,1,0,0,7,7,7,7,7,4,6,9
GTTAGGTGCACTCC-1,0,0,0,3,1,2,1,1,9,0,0,3,3,3,1,0,4,4,0,0,4
GTTAGGTGCCAGTA-1,2,3,4,2,0,3,7,10,1,1,1,0,0,0,8,8,8,3,2,5,6
GTTAGGTGCCCAAA-1,2,3,2,4,6,7,8,9,11,1,1,0,6,6,6,6,6,6,2,2,2
GTTAGGTGGAACTC-1,3,1,3,1,3,1,9,0,0,2,2,5,5,5,5,5,2,2,1,1,1
GTTAGTCTAAGAAC-1,0,0,0,6,2,0,4,4,2,0,0,2,2,2,2,2,0,8,3,4,5
GTTATAGAGGACAG-1,0,0,0,3,1,2,1,1,9,0,0,3,3,3,1,0,4,4,0,4,4
GTTATGCTTTCATC-1,0,0,0,3,1,2,1,1,8,0,0,3,3,3,1,0,4,4,0,0,4
GTTCAACTGGGACA-1,0,4,5,0,7,8,6,8,5,0,4,4,4,4,4,1,1,0,3,3,3
GTTCAACTTATGCG-1,0,0,0,3,1,2,1,1,8,0,0,3,3,3,1,0,4,4,0,0,7
GTTGACGAGCCCTT-1,0,4,5,0,7,0,4,2,5,0,4,4,4,4,4,1,1,0,3,3,3
GTTGACGATATCGG-1,0,4,5,0,7,8,6,8,5,0,4,4,4,4,4,1,1,0,3,3,3
GTTGAGTGGTCTTT-1,2,3,4,2,0,3,7,10,1,1,1,0,0,0,8,8,8,3,2,5,6
GTTGAGTGTGCTTT-1,0,0,0,3,1,4,3,6,3,0,0,3,3,3,1,0,4,4,0,0,0
GTTGATCTGGGACA-1,0,0,0,3,1,2,1,1,9,0,0,3,3,3,1,0,4,4,0,0,8
GTTGATCTTTTCAC-1,0,4,5,6,2,0,4,4,2,0,0,2,2,2,2,2,0,8,3,4,5
GTTGGATGTTTACC-1,2,3,2,4,6,7,8,9,11,1,1,0,6,6,6,6,6,6,2,2,2
GTTGTACTATTCCT-1,2,3,4,2,0,3,7,10,1,1,1,0,0,0,8,8,8,3,2,5,6
GTTGTACTTTTGGG-1,0,0,0,3,1,2,1,1,8,0,0,3,3,3,1,0,4,4,0,0,0
GTTTAAGACCATGA-1,2,3,4,2,0,3,7,10,1,1,1,0,0,0,8,8,8,3,2,5,2
GTTTAAGACTGTCC-1,0,0,0,6,2,0,4,2,2,0,0,2,2,2,2,2,0,8,3,4,5
TAAACAACCAACCA-1,0,0,0,3,1,4,3,6,3,0,0,3,3,3,1,0,5,5,0,0,0
TAAACAACGAATCC-1,3,1,3,1,3,1,9,0,0,2,2,5,5,5,5,5,2,2,1,1,1
TAAAGACTCAGGAG-1,0,0,0,3,1,4,3,4,3,0,0,3,3,3,1,0,4,4,0,0,0
TAAATCGATGAGGG-1,0,0,0,3,1,4,3,6,3,0,0,3,3,3,1,0,5,5,0,0,0
TAACAATGTGCCCT-1,3,1,3,1,3,1,9,0,0,2,2,5,5,5,5,5,2,2,1,1,1
TAACACCTTCGCTC-1,2,3,4,2,0,3,7,10,1,1,1,0,0,0,8,8,8,3,2,5,6
TAACACCTTCGTAG-1,2,3,4,2,0,3,7,10,1,1,1,0,0,0,8,8,8,3,2,5,6
TAACACCTTGTTTC-1,1,2,1,5,4,6,2,7,7,3,3,1,1,1,0,9,9,9,5,7,10
TAACATGACACTAG-1,3,1,3,1,3,1,9,0,0,2,2,5,5,5,5,5,2,2,1,1,1
TAACCGGACTTACT-1,0,0,0,3,1,2,1,1,9,0,0,3,3,3,1,0,4,4,0,0,0
TAACGTCTCAACCA-1,2,3,4,2,0,3,5,3,6,1,1,0,0,0,3,3,3,1,2,5,6
TAACGTCTCATTGG-1,0,0,0,3,1,4,3,6,8,0,0,3,3,3,1,0,4,4,0,0,0
TAACTAGAATTTCC-1,0,0,0,3,1,4,3,6,3,0,0,3,3,3,1,0,5,5,0,0,0
TAACTAGACTTAGG-1,0,0,0,3,1,4,3,6,8,0,0,3,3,3,1,0,4,4,0,0,0
TAACTAGATCTGGA-1,0,0,0,3,1,2,1,1,8,0,0,3,3,3,1,0,4,4,0,0,8
TAACTCACGAGGAC-1,2,3,4,2,0,3,5,3,6,1,1,0,0,0,3,3,3,1,2,5,6
TAACTCACGTACAC-1,3,1,3,1,3,1,9,0,0,2,2,5,5,5,5,5,2,2,1,1,1
TAACTCACGTATCG-1,2,3,4,2,0,3,7,10,1,1,1,0,0,0,8,8,8,3,2,5,6
TAACTCACTCTACT-1,0,4,5,0,7,8,6,8,5,0,4,4,4,4,4,1,1,0,3,3,3
TAAGAACTGTGTCA-1,2,3,4,2,0,3,5,3,6,1,1,0,0,0,3,3,3,1,2,5,6
TAAGAGGACTAAGC-1,3,1,3,1,3,1,9,0,0,2,2,5,5,5,5,5,2,2,1,1,1
TAAGAGGACTTGTT-1,0,4,5,0,7,8,6,8,5,0,4,4,4,4,4,1,1,0,3,3,3
TAAGATACGGTTCA-1,2,3,4,2,0,3,5,3,6,1,1,0,0,0,3,3,3,1,2,5,6
TAAGATTGCGTAGT-1,0,0,0,3,1,4,3,6,8,0,0,3,3,3,1,0,4,4,0,0,0
TAAGATTGTTGCTT-1,0,0,0,3,1,4,3,6,3,0,0,3,3,3,1,0,4,4,0,0,0
TAAGCGTGAGGTTC-1,2,3,4,2,0,3,7,10,1,1,1,0,0,0,8,8,8,3,2,5,6
TAAGCGTGGACAAA-1,2,3,2,4,6,7,7,10,1,1,1,0,0,0,8,8,8,3,2,2,2
TAAGCGTGGGAAAT-1,0,0,0,3,1,2,3,6,8,0,0,3,3,3,1,0,4,4,0,0,0
TAAGCGTGTGCTCC-1,2,3,2,4,6,7,8,9,11,1,1,0,0,0,8,8,8,3,2,2,2
TAAGGCTGCCATGA-1,0,0,0,6,2,4,3,4,3,0,0,3,3,3,1,0,5,5,0,0,0
TAAGGCTGCTGCTC-1,0,0,0,3,1,2,1,1,9,0,0,3,3,3,1,0,4,4,0,0,8
TAAGGCTGTCTCGC-1,2,3,4,2,0,3,7,10,1,1,1,0,0,0,8,8,8,3,2,5,6
TAAGGGCTGCTGTA-1,0,0,0,3,1,4,3,6,3,0,0,3,3,3,1,0,5,5,0,0,0
TAAGGGCTTTACTC-1,0,0,0,3,1,2,1,1,8,0,0,3,3,3,1,0,4,4,0,0,8
TAAGTAACCGAGAG-1,3,1,3,1,3,1,9,0,0,2,2,5,5,5,5,5,2,2,1,1,1
TAAGTAACCTCCAC-1,3,1,3,1,3,1,9,0,0,2,2,5,5,5,5,5,2,2,1,1,1
TAAGTAACCTGTAG-1,0,0,0,3,1,4,3,6,3,0,0,3,3,3,1,0,5,5,0,0,0
TAAGTAACTTGTCT-1,0,0,0,3,1,2,1,4,8,0,0,3,3,3,1,0,4,4,0,0,8
TAATGATGAGCGGA-1,0,0,0,3,1,4,3,6,8,0,0,3,3,3,1,0,4,4,0,0,7
TAATGCCTCATGAC-1,0,0,0,3,1,4,3,6,3,0,0,3,3,3,1,0,5,5,0,0,0
TAATGCCTCGTCTC-1,0,4,5,0,7,8,6,8,5,0,4,4,4,4,4,1,1,0,3,3,3
TAATGTGAAGATGA-1,0,0,0,3,1,2,1,1,9,0,0,3,3,3,1,0,4,4,0,0,8
TAATGTGACTGCAA-1,2,3,4,2,0,3,7,10,1,1,1,0,0,0,8,8,8,3,2,5,6
TAATGTGATTACTC-1,0,0,0,3,1,2,1,1,9,0,0,3,3,3,1,0,4,4,0,0,0
TACAAATGGGTACT-1,0,0,0,3,1,2,1,1,8,0,0,3,3,3,1,0,4,4,0,0,0
TACAATGAAAACAG-1,2,3,4,2,0,3,5,3,6,1,1,0,0,0,3,3,3,1,2,5,6
TACAATGACTTAGG-1,0,0,0,3,1,2,3,1,3,0,0,3,3,3,1,0,4,4,0,4,0
TACAATGATGCTAG-1,0,0,0,6,2,0,4,4,2,0,0,2,2,2,2,2,0,8,3,4,5
TACACACTCACACA-1,0,0,0,3,1,4,3,6,8,0,0,3,3,3,1,0,5,5,0,0,7
TACACACTCTTACT-1,0,0,0,3,1,2,1,1,9,0,0,3,3,3,1,0,4,4,0,0,7
TACATAGAACGCAT-1,0,0,0,6,2,0,4,4,2,0,0,2,2,2,2,2,0,8,3,4,5
TACATCACACGGGA-1,0,0,0,3,1,2,1,1,9,0,0,3,3,3,1,0,4,4,0,0,4
TACATCACCTGTTT-1,2,3,2,4,6,7,8,9,11,1,1,0,6,6,6,6,6,6,2,2,2
TACATCACGCTAAC-1,3,1,3,1,3,1,9,0,0,2,2,5,5,5,5,5,2,2,1,1,1
TACATCACTGAACC-1,2,3,2,4,6,7,8,9,11,1,1,0,6,6,6,6,6,6,2,2,2
TACCATTGAGGTTC-1,0,0,0,3,1,2,1,1,8,0,0,3,3,3,1,0,4,4,0,0,7
TACCATTGCGGGAA-1,2,3,4,2,0,3,5,3,6,1,1,0,0,0,3,3,3,1,2,5,6
TACCATTGGGGATG-1,2,3,4,2,0,3,5,3,6,1,1,0,0,0,3,3,3,1,2,5,6
TACCATTGTGAGGG-1,2,3,4,2,0,3,5,3,6,1,1,0,0,0,3,3,3,1,2,5,6
TACCGGCTGTTGGT-1,0,0,0,3,1,2,1,1,8,0,0,3,3,3,1,0,4,4,0,0,0
TACGAGTGATCTCT-1,0,0,0,3,1,2,1,1,9,0,0,3,3,3,1,0,4,4,0,0,0
TACGAGTGATGCTG-1,2,3,2,4,6,7,8,9,11,1,1,0,0,0,8,8,8,3,2,2,2
TACGAGTGCGGAGA-1,0,0,0,3,1,4,3,6,8,0,0,3,3,3,1,0,5,5,0,0,0
TACGAGTGGTTGGT-1,0,0,0,3,1,4,3,6,3,0,0,3,3,3,1,0,5,5,0,0,0
TACGATCTAGTGTC-1,0,0,0,3,1,2,1,1,9,0,0,3,3,3,1,0,4,4,0,0,7
TACGATCTCACTGA-1,2,3,2,4,6,7,7,9,1,1,1,0,0,0,8,8,8,3,2,2,2
TACGATCTTACGAC-1,0,0,0,6,2,0,4,2,2,0,0,2,2,2,2,2,0,11,0,0,4
TACGCAGAGAATCC-1,0,0,0,6,2,0,4,4,2,0,4,4,4,4,4,1,1,0,3,3,3
TACGCCACATTCCT-1,0,0,0,3,1,4,3,6,3,0,0,3,3,3,1,0,5,5,0,0,8
TACGCCACTCCCAC-1,2,3,2,4,6,7,8,9,11,1,1,0,6,6,6,6,6,6,2,2,2
TACGCCACTCCGAA-1,3,1,3,1,3,1,9,0,0,2,2,5,5,5,5,5,2,2,1,1,1
TACGGAACGCGTTA-1,3,1,3,1,3,1,9,0,0,2,2,5,5,5,5,5,2,2,1,1,1
TACGGCCTGGGACA-1,0,4,5,0,7,8,6,8,5,0,4,4,4,4,4,1,1,0,3,3,3
TACGTACTACGGAG-1,0,0,0,6,2,4,3,6,3,0,0,3,3,3,1,0,5,5,0,0,0
TACGTACTCAGTTG-1,0,0,0,3,1,4,3,6,3,0,0,3,3,3,1,0,5,5,0,0,0
TACGTACTCCCGTT-1,3,1,3,1,3,1,9,0,0,2,2,5,5,5,5,5,2,2,1,1,1
TACGTTACAGAAGT-1,0,0,0,3,1,4,3,6,3,0,0,3,3,3,1,0,4,4,0,0,7
TACGTTACCAAGCT-1,2,3,4,2,0,3,5,3,6,1,1,0,0,0,3,3,3,1,2,5,6
TACTAAGAAAGGTA-1,3,1,3,1,3,1,9,0,0,2,2,5,5,5,5,5,2,2,1,1,1
TACTAAGAATCACG-1,0,0,0,3,1,2,1,1,9,0,0,3,3,3,1,0,4,4,0,0,8
TACTAAGATGATGC-1,2,3,4,2,0,3,7,10,1,1,1,0,0,0,8,8,8,3,2,5,6
TACTAAGATTGCGA-1,0,0,0,3,1,4,3,6,8,0,0,3,3,3,1,0,5,5,0,0,0
TACTACACGAGAGC-1,0,0,0,3,1,4,3,6,3,0,0,3,3,3,1,0,5,5,0,0,0
TACTACACTTACCT-1,0,0,0,3,1,2,1,1,9,2,2,5,5,5,5,5,2,2,0,0,8
TACTACTGAACCTG-1,2,3,4,2,0,3,5,3,6,1,1,0,0,0,3,3,3,1,2,5,6
TACTACTGATGTCG-1,0,4,5,0,7,8,6,8,5,0,0,2,2,2,2,2,0,11,3,3,3
TACTACTGATTCTC-1,0,0,0,3,1,2,1,1,8,0,0,3,3,3,1,0,4,4,0,0,8
TACTACTGTATGGC-1,0,0,0,3,1,2,1,1,8,0,0,3,3,3,1,0,4,4,0,0,4
TACTCAACGGTCTA-1,2,3,4,2,0,3,7,10,1,1,1,0,0,0,8,8,8,3,2,5,6
TACTCAACTGCTAG-1,3,1,3,1,3,1,9,0,0,2,2,5,5,5,5,5,2,2,1,1,1
TACTCCCTCAGTTG-1,0,0,0,3,1,2,1,1,9,0,0,3,3,3,1,0,4,4,0,0,8
TACTCTGAATCGAC-1,0,4,5,0,7,8,6,8,5,0,4,4,4,4,4,1,1,0,3,3,3
TACTCTGACGAGTT-1,0,0,0,3,1,4,3,6,3,0,0,3,3,3,1,0,5,5,0,0,7
TACTCTGATTGACG-1,3,1,3,1,3,1,9,0,0,2,2,5,5,5,5,5,2,2,1,1,1
TACTGGGATCGATG-1,0,0,0,3,1,4,3,6,3,0,0,3,3,3,1,0,5,5,0,0,0
TACTGTTGAAAGCA-1,0,0,0,3,1,2,1,1,8,0,0,3,3,3,1,0,4,4,0,0,7
TACTGTTGAGGCGA-1,0,4,5,0,7,8,6,8,5,0,4,4,4,4,4,1,1,0,3,3,3
TACTGTTGCTGAAC-1,3,1,3,1,3,4,9,6,0,2,2,5,5,5,5,5,2,2,1,1,1
TACTTGACTCCTCG-1,0,0,0,6,2,0,4,4,2,0,0,2,2,2,2,2,0,11,3,4,5
TACTTGACTGGTGT-1,3,1,3,1,3,1,9,0,0,2,2,5,5,5,5,5,2,2,1,1,1
TACTTTCTTTTGGG-1,0,0,0,6,2,0,3,4,3,0,0,3,3,3,1,0,4,4,3,4,5
TAGAAACTAATCGC-1,0,0,0,3,1,2,1,1,8,0,0,3,3,3,1,0,4,4,0,0,0
TAGAAACTGCTTCC-1,2,3,4,2,0,3,7,10,1,1,1,0,0,0,3,3,3,1,2,5,6
TAGAAACTGGGATG-1,0,4,5,0,7,0,4,2,2,0,0,2,2,2,2,2,0,11,3,4,5
TAGAATTGCGACAT-1,0,0,0,3,1,2,1,1,9,0,0,3,3,3,1,0,4,4,0,0,8
TAGAATTGTATCGG-1,0,0,0,3,1,4,3,6,8,0,0,3,3,3,1,0,5,5,0,0,0
TAGACGTGCTTGAG-1,0,0,0,3,1,2,1,1,9,0,0,3,3,3,1,0,4,4,0,0,8
TAGACGTGTCGCTC-1,0,0,0,3,1,4,3,6,3,0,0,3,3,3,1,0,4,4,0,0,0
TAGAGCACCTTACT-1,3,1,3,1,3,1,9,0,0,2,2,5,5,5,5,5,2,2,1,1,1
TAGATTGACTTGTT-1,3,1,3,1,3,1,9,0,0,2,2,5,5,5,5,5,2,2,1,1,1
TAGATTGAGGCATT-1,0,0,0,6,2,0,4,2,9,0,0,2,2,2,2,2,0,11,3,4,5
TAGCATCTCAGCTA-1,0,4,5,0,7,8,6,8,5,0,4,4,4,4,4,1,1,0,3,3,3
TAGCATCTCCCTCA-1,0,0,0,3,1,2,1,1,9,0,0,3,3,3,1,0,5,5,0,0,0
TAGCATCTGCTGTA-1,2,3,2,4,6,7,8,9,11,1,1,0,6,6,6,6,6,6,2,2,2
TAGCATCTGGGACA-1,0,0,0,3,1,2,1,1,9,0,0,3,3,3,1,0,4,4,0,0,7
TAGCATCTTGTCGA-1,0,0,0,3,1,2,1,1,9,0,0,3,3,3,1,0,4,4,0,0,7
TAGCCCACAAAAGC-1,0,0,0,3,1,4,3,6,3,0,0,3,3,3,1,0,4,4,0,0,0
TAGCCCACAGCCAT-1,0,0,0,6,2,0,4,4,2,0,0,3,3,3,1,0,5,5,3,4,5
TAGCCCACAGCTAC-1,0,4,5,0,7,8,6,8,5,0,4,4,4,4,4,1,1,0,3,3,3
TAGCCCACCCACAA-1,0,0,0,3,1,2,1,1,9,0,0,3,3,3,1,0,4,4,0,0,8
TAGCCCTGCGGAGA-1,0,0,0,6,2,0,4,4,2,0,0,2,2,2,2,2,0,8,3,4,5
TAGCCGCTTACGAC-1,0,0,0,3,1,4,3,6,3,0,0,3,3,3,1,0,5,5,0,0,8
TAGCCGCTTACTTC-1,0,0,0,6,2,0,4,2,2,0,0,2,2,2,2,2,0,11,3,4,5
TAGCCGCTTTCCAT-1,2,3,4,2,0,3,7,10,1,1,1,0,0,0,8,8,8,3,2,5,6
TAGCTACTGAATAG-1,3,1,3,1,3,1,9,0,0,2,2,5,5,5,5,5,2,2,1,1,1
TAGCTACTGTAGCT-1,0,0,0,3,1,4,3,6,8,0,0,3,3,3,1,0,4,4,0,0,7
TAGCTACTTTTGCT-1,0,0,0,6,2,0,4,4,2,0,0,2,2,2,2,2,0,8,3,4,5
TAGGACTGTGCTGA-1,0,0,0,3,1,4,3,6,3,0,0,3,3,3,1,0,4,4,0,4,5
TAGGAGCTAAGGCG-1,3,1,3,1,3,1,9,0,0,2,2,5,5,5,5,5,2,2,1,1,1
TAGGAGCTGAGGGT-1,0,0,0,3,1,2,3,6,9,0,0,3,3,3,1,0,4,4,0,4,0
TAGGAGCTTGCATG-1,3,1,3,1,3,1,9,0,0,2,2,5,5,5,5,5,2,2,1,1,1
TAGGCAACCGTCTC-1,3,1,3,1,3,1,9,0,0,2,2,5,5,5,5,5,2,2,1,1,1
TAGGCATGCTCTCG-1,3,1,2,4,5,5,0,5,10,1,1,0,0,7,7,7,7,7,4,6,9
TAGGCATGGCGAGA-1,0,0,0,6,2,0,4,2,2,0,0,2,2,2,2,2,0,11,3,4,5
TAGGCTGATGCCTC-1,2,3,4,2,0,3,5,3,6,1,1,0,0,0,3,3,3,1,2,5,6
TAGGGACTGAACTC-1,0,4,5,0,7,8,6,2,5,0,0,2,2,2,2,2,0,11,3,4,5
TAGGTCGACACTGA-1,0,0,0,3,1,2,1,1,8,0,0,3,3,3,1,0,4,4,0,0,7
TAGGTCGAGGATCT-1,3,1,3,1,3,1,9,0,0,2,2,5,5,5,5,5,2,2,1,1,1
TAGGTGACACACTG-1,0,0,0,3,1,4,3,6,3,0,0,3,3,3,1,0,4,4,0,0,7
TAGGTGACACGTTG-1,3,1,3,1,3,1,9,0,0,2,2,5,5,5,5,5,2,2,1,1,1
TAGGTGTGTTCTGT-1,0,0,0,3,1,4,3,6,8,0,0,3,3,3,1,0,5,5,0,0,0
TAGGTTCTGAAGGC-1,0,0,0,3,1,4,3,6,3,0,0,3,3,3,1,0,5,5,0,0,4
TAGGTTCTTCTTAC-1,2,3,2,4,6,7,8,9,11,1,1,0,6,6,6,6,6,6,2,2,2
TAGGTTCTTGCTGA-1,2,3,4,2,0,3,7,10,1,1,1,0,0,0,8,8,8,3,2,5,6
TAGTAAACCTCGCT-1,0,0,0,3,1,2,1,1,8,0,0,3,3,3,1,0,4,4,0,0,8
TAGTAAACGTCACA-1,0,0,0,3,1,4,3,6,8,0,0,3,3,3,1,0,4,4,0,0,8
TAGTAATGAGATCC-1,0,0,0,3,1,2,1,1,8,0,0,3,3,3,1,0,4,4,0,0,7
TAGTACCTAAGAAC-1,2,3,4,2,0,3,5,3,6,1,1,0,0,0,3,3,3,1,2,5,6
TAGTATGATCTTAC-1,3,1,3,1,3,1,9,0,0,2,2,5,5,5,5,5,2,2,1,1,1
TAGTATGATTCTCA-1,0,0,0,3,1,4,3,6,3,0,0,3,3,3,1,0,5,5,0,0,0
TAGTCTTGGCTGTA-1,0,0,0,3,1,2,1,1,9,0,0,3,3,3,1,0,4,4,0,0,8
TAGTCTTGGGACTT-1,0,0,0,3,1,2,1,4,9,0,0,2,2,2,2,2,0,8,0,0,8
TAGTCTTGTGGAAA-1,0,4,5,6,2,0,4,4,2,0,0,2,2,2,2,2,0,8,3,4,5
TAGTGGTGAAGTGA-1,0,4,5,0,7,8,6,8,5,0,4,4,4,4,4,1,1,0,3,3,3
TAGTTAGAACCACA-1,0,4,5,0,7,8,6,8,5,0,4,4,4,4,4,1,1,0,3,3,3
TAGTTAGATGAACC-1,0,0,0,3,1,2,1,1,8,0,0,3,3,3,1,0,4,4,0,0,0
TATAAGACAACAGA-1,0,0,0,3,1,2,1,1,9,0,0,2,2,2,2,2,0,8,3,4,5
TATAAGACAGCTCA-1,2,3,2,4,6,7,8,9,11,1,1,0,6,6,6,6,6,6,2,2,2
TATAAGTGACACCA-1,2,3,2,4,6,7,8,9,11,1,1,0,6,6,6,6,6,6,2,2,2
TATAAGTGTATCGG-1,2,3,4,2,0,3,5,3,6,1,1,0,0,0,3,3,3,1,2,5,6
TATAAGTGTGGTGT-1,2,3,2,4,6,7,8,9,11,1,1,0,6,6,6,6,6,6,2,2,2
TATACAGAACCCTC-1,0,0,0,6,2,0,4,2,2,0,0,2,2,2,2,2,0,11,3,4,5
TATACAGAAGAACA-1,0,0,0,3,1,2,1,1,9,0,0,3,3,3,1,0,4,4,0,0,7
TATACAGATCCAGA-1,0,0,0,3,1,4,3,6,3,0,0,3,3,3,1,0,4,4,0,0,4
TATACCACCTGATG-1,3,1,3,1,3,1,9,0,0,2,2,5,5,5,5,5,2,2,1,1,1
TATACGCTACCAAC-1,0,0,0,3,1,2,3,6,8,0,0,3,3,3,1,0,4,4,0,0,0
TATAGATGGACGGA-1,0,0,0,3,1,4,3,6,3,0,0,3,3,3,1,0,5,5,0,0,0
TATAGATGTTCCGC-1,2,3,2,4,6,7,8,9,11,1,1,0,6,6,6,6,6,6,2,2,2
TATCCAACCAGCTA-1,2,3,4,2,0,3,5,3,6,1,1,0,0,0,3,3,3,1,2,5,6
TATCCAACTCTCTA-1,0,0,0,6,2,0,4,4,2,0,0,2,2,2,2,2,0,8,3,4,5
TATCGACTACTAGC-1,0,0,0,6,2,0,4,4,2,0,4,4,4,4,4,1,1,0,3,3,3
TATCGACTCGATAC-1,2,3,2,4,6,7,8,9,11,1,1,0,6,6,6,6,6,6,2,2,2
TATCGTACAGATGA-1,0,0,0,6,2,0,4,4,2,0,0,2,2,2,2,2,0,8,3,4,5
TATCGTACATTCCT-1,2,3,4,2,0,3,5,3,6,1,1,0,0,0,3,3,3,1,2,5,6
TATCTCGAGAGATA-1,0,0,0,3,1,2,1,1,9,0,0,3,3,3,1,0,4,4,0,0,8
TATCTGACAGGTTC-1,0,0,0,6,2,0,4,2,2,0,0,2,2,2,2,2,0,11,3,4,5
TATCTGACTGTTTC-1,0,0,0,3,1,2,1,4,9,0,0,2,2,2,2,2,0,8,3,4,5
TATCTTCTAAACAG-1,0,0,0,3,1,2,1,1,8,0,0,3,3,3,1,0,4,4,0,0,8
TATGAATGGAGGAC-1,0,4,5,0,7,8,6,8,5,0,4,4,4,4,4,1,1,0,3,3,3
TATGAATGTTTGCT-1,2,3,2,4,6,7,8,9,11,1,1,0,6,6,6,6,6,6,2,2,2
TATGCGGATAACCG-1,0,0,0,3,1,4,3,6,3,0,0,3,3,3,1,0,5,5,0,0,0
TATGGGTGCATCAG-1,0,4,5,0,7,8,6,8,5,0,4,4,4,4,4,1,1,0,3,3,3
TATGGGTGCTAGCA-1,3,1,3,1,3,1,9,0,0,2,2,5,5,5,5,5,2,2,1,1,1
TATGGTCTCTACCC-1,0,0,0,3,1,2,1,1,8,0,0,3,3,3,1,0,5,5,0,0,4
TATGTCACGGAACG-1,3,1,3,1,3,1,9,0,0,2,2,5,5,5,5,5,2,2,1,1,1
TATGTCACTAACCG-1,2,3,2,4,6,7,7,10,1,1,1,0,0,0,8,8,8,3,2,2,2
TATGTCACTTCTCA-1,3,1,3,1,3,1,9,0,0,2,2,5,5,5,5,5,2,2,1,1,1
TATGTGCTCCGATA-1,2,3,4,2,0,3,7,10,1,1,1,0,0,0,8,8,8,3,2,5,6
TATGTGCTGGATTC-1,0,0,0,3,1,2,1,1,8,0,0,3,3,3,1,0,4,4,0,0,7
TATTGCTGAAGAAC-1,2,3,4,2,0,3,5,3,6,1,1,0,0,0,3,3,3,1,2,5,6
TATTGCTGCCGTTC-1,3,0,0,3,1,2,1,1,9,2,2,5,5,5,5,5,2,2,1,0,8
TATTGCTGTCTGGA-1,0,0,0,3,1,2,1,1,9,0,0,3,3,3,1,0,4,4,0,0,8
TATTGCTGTGCACA-1,0,0,0,6,2,0,4,4,9,0,0,2,2,2,2,2,0,8,3,4,5
TATTTCCTATTGGC-1,2,3,4,2,0,3,5,3,6,1,1,0,0,0,3,3,3,1,2,5,6
TATTTCCTGGAGGT-1,0,4,5,0,7,8,6,8,5,0,0,2,2,2,2,2,0,11,3,3,3
TATTTCCTGGTGTT-1,0,0,0,3,1,2,1,1,8,0,0,3,3,3,1,0,4,4,0,0,7
TCAACACTGTTTGG-1,0,4,5,0,7,8,6,8,5,0,4,4,4,4,4,1,1,0,3,3,3
TCAAGGACAGCGTT-1,0,0,0,3,1,2,1,1,8,0,0,3,3,3,1,0,5,5,0,0,0
TCAAGGACATTCTC-1,0,4,5,6,2,0,4,2,2,0,0,2,2,2,2,2,0,11,3,4,5
TCAAGGACGGTGTT-1,2,3,4,2,0,3,7,10,1,1,1,0,0,0,3,3,3,1,2,5,6
TCAATCACACTCTT-1,0,4,5,6,2,0,4,2,2,0,0,3,3,3,1,0,5,5,3,4,5
TCAATCACAGTCGT-1,2,3,2,4,6,7,8,9,11,1,1,0,6,6,6,6,6,6,2,2,2
TCACAACTATGTGC-1,0,0,0,3,1,2,1,1,9,0,0,3,3,3,1,0,4,4,0,0,8
TCACAACTTTGCTT-1,2,3,4,2,0,3,5,3,6,1,1,0,0,0,3,3,3,1,2,5,6
TCACATACACTTTC-1,0,0,0,3,1,4,3,4,8,0,0,3,3,3,1,0,5,5,0,0,0
TCACATACAGGGTG-1,0,0,0,3,1,2,1,1,9,0,0,3,3,3,1,0,4,4,0,0,8
TCACCCGAGACGGA-1,2,3,2,4,6,7,7,10,1,1,1,0,0,0,8,8,8,3,2,2,2
TCACCGTGCTCGCT-1,2,3,2,4,6,7,8,9,11,1,1,0,6,6,6,6,6,6,2,2,2
TCACCTCTACGACT-1,0,0,0,6,2,0,4,4,2,0,0,2,2,2,2,2,0,8,3,4,5
TCACCTCTTCCAAG-1,2,3,2,4,6,7,8,9,11,1,1,0,6,6,6,6,6,6,2,2,2
TCACGAGAGGAGGT-1,3,1,3,1,3,1,9,0,0,2,2,5,5,5,5,5,2,2,1,1,1
TCACTATGGGGCAA-1,0,0,0,6,2,0,4,4,2,0,0,2,2,2,2,2,0,11,3,4,5
TCACTATGGTTGTG-1,3,1,3,1,3,1,9,0,0,2,2,5,5,5,5,5,2,2,1,1,1
TCAGACGACGCTAA-1,0,0,0,3,1,4,3,6,3,0,0,3,3,3,1,0,5,5,0,0,0
TCAGACGACGTTAG-1,0,4,5,0,7,8,6,8,5,0,4,4,4,4,4,1,1,0,3,3,3
TCAGAGACTCCAGA-1,0,0,0,3,1,2,1,1,9,0,0,3,3,3,1,0,4,4,0,0,8
TCAGCAGACTCCAC-1,0,0,0,3,1,2,3,6,3,0,0,3,3,3,1,0,5,5,0,0,7
TCAGCGCTCTAGTG-1,0,0,0,6,2,0,4,4,2,0,0,2,2,2,2,2,0,8,3,4,5
TCAGCGCTGGATCT-1,3,1,3,1,3,1,9,0,0,2,2,5,5,5,5,5,2,2,1,1,1
TCAGCGCTGGTATC-1,0,0,0,6,2,0,4,4,2,0,0,2,2,2,2,2,0,8,3,4,5
TCAGGATGAAGTAG-1,0,0,0,3,1,2,1,1,8,0,0,3,3,3,1,0,4,4,0,0,8
TCAGGATGCCTTTA-1,2,3,2,4,6,7,8,9,11,1,1,0,6,6,6,6,6,6,2,2,2
TCAGTGGAAGATCC-1,0,0,0,6,2,0,4,2,2,0,0,2,2,2,2,2,0,8,3,4,5
TCAGTTACCTACGA-1,2,3,4,2,0,3,7,10,1,1,1,0,0,0,8,8,8,3,2,5,6
TCAGTTACTAGAAG-1,0,0,0,3,1,4,3,6,8,0,0,3,3,3,1,0,4,4,0,0,0
TCATCAACCCGATA-1,0,0,0,3,1,2,1,1,9,0,0,3,3,3,1,0,4,4,0,0,8
TCATCAACTGTTCT-1,2,3,2,4,6,7,7,10,1,1,1,0,0,0,8,8,8,3,2,2,2
TCATCATGCAGTTG-1,0,0,0,3,1,4,3,6,3,0,0,3,3,3,1,0,5,5,0,0,0
TCATCCCTTACTGG-1,0,0,0,3,1,4,3,6,3,0,0,3,3,3,1,0,5,5,0,0,0
TCATTCGATACAGC-1,2,3,2,4,6,7,8,9,11,1,1,0,6,6,6,6,6,6,2,2,2
TCCACGTGGAAACA-1,0,0,0,3,1,4,3,6,8,0,0,3,3,3,1,0,4,4,0,0,7
TCCACTCTACACTG-1,0,0,0,3,1,4,3,6,3,0,0,3,3,3,1,0,4,4,0,0,0
TCCACTCTGAGCTT-1,2,3,4,2,0,3,7,10,1,1,1,0,0,0,8,8,8,3,2,5,6
TCCACTCTTACTTC-1,3,1,3,1,3,1,9,0,0,2,2,5,5,5,5,5,2,2,1,1,1
TCCATAACAAAGTG-1,0,0,0,3,1,2,3,1,8,0,0,3,3,3,1,0,5,5,0,0,4
TCCATAACCGTAGT-1,3,1,3,1,3,1,9,0,0,2,2,5,5,5,5,5,2,2,1,1,1
TCCATAACGATGAA-1,0,0,0,3,1,4,3,6,3,0,0,3,3,3,1,0,5,5,0,0,0
TCCATAACTACGCA-1,0,0,0,3,1,4,3,6,8,0,0,3,3,3,1,0,4,4,0,0,0
TCCATCCTCCCTAC-1,0,4,5,6,2,0,4,2,2,0,0,2,2,2,2,2,0,11,3,4,5
TCCCACGATCATTC-1,0,0,0,3,1,2,1,1,9,0,0,3,3,3,1,0,4,4,0,0,4
TCCCATCTCAAAGA-1,2,3,4,2,0,3,7,10,1,1,1,0,0,0,8,8,8,3,2,5,6
TCCCGAACACAGTC-1,0,4,5,0,7,8,6,8,5,0,4,4,4,4,4,1,1,0,3,3,3
TCCCGAACTTCGCC-1,2,3,2,4,6,7,8,9,11,1,1,0,6,6,6,6,6,6,2,2,2
TCCCGATGAGATCC-1,0,0,0,3,1,2,1,1,9,0,0,3,3,3,1,0,5,5,0,0,8
TCCCGATGCCTGAA-1,2,3,4,2,0,3,5,3,6,1,1,0,0,0,3,3,3,1,2,5,6
TCCCTACTCAACTG-1,3,1,3,1,3,1,9,0,0,2,2,5,5,5,5,5,2,2,1,1,1
TCCGAAGACAATCG-1,2,3,4,2,0,3,5,3,6,1,1,0,0,0,3,3,3,1,2,5,6
TCCGAAGACGTTAG-1,0,0,0,3,1,2,1,1,9,0,0,3,3,3,1,0,4,4,0,0,4
TCCGGACTGAGGTG-1,0,0,0,3,1,4,3,6,3,0,0,3,3,3,1,0,5,5,0,0,7
TCCGGACTGTACGT-1,0,0,0,6,2,0,4,4,2,0,0,2,2,2,2,2,0,8,3,4,5
TCCTAAACATCGAC-1,0,0,0,3,1,2,1,1,9,0,0,3,3,3,1,0,4,4,0,0,8
TCCTAAACCGAGAG-1,0,0,0,3,1,4,3,6,3,0,0,3,3,3,1,0,5,5,0,0,0
TCCTAAACCGCATA-1,0,4,5,0,7,8,6,8,5,0,4,4,4,4,4,1,1,0,3,3,3
TCCTAATGGTTTGG-1,0,4,5,6,2,0,4,2,2,0,0,2,2,2,2,2,0,11,3,4,5
TCCTACCTGTCGTA-1,0,0,0,3,1,2,1,1,9,0,0,3,3,3,1,0,5,5,0,0,8
TCCTATGAAAAGCA-1,0,0,0,6,2,0,4,2,2,0,0,2,2,2,2,2,0,11,3,4,5
TCGAATCTCTGGTA-1,0,0,0,6,2,0,4,2,2,0,0,2,2,2,2,2,0,11,3,4,5
TCGACCTGCCGATA-1,2,3,2,4,6,7,8,9,11,1,1,0,6,6,6,6,6,6,2,2,2
TCGACGCTTCTATC-1,2,3,4,2,0,3,7,10,1,1,1,0,0,0,3,3,3,1,2,5,6
TCGACGCTTTGACG-1,0,0,0,3,1,4,3,6,3,0,0,3,3,3,1,0,5,5,0,0,0
TCGAGAACGACAGG-1,0,0,0,3,1,4,3,6,3,0,0,3,3,3,1,0,5,5,0,0,7
TCGAGAACGTTAGC-1,0,0,0,3,1,4,3,6,3,0,0,3,3,3,1,0,5,5,0,0,0
TCGAGCCTATCAGC-1,3,1,3,1,3,1,9,0,0,2,2,5,5,5,5,5,2,2,1,1,1
TCGAGCCTGCGAGA-1,0,0,0,6,2,0,4,4,2,0,0,2,2,2,2,2,0,8,3,4,5
TCGAGCCTTGTGAC-1,0,0,0,3,1,2,1,1,9,0,0,3,3,3,1,0,4,4,0,0,8
TCGATACTATTCCT-1,0,0,0,3,1,2,3,4,8,0,0,3,3,3,1,0,5,5,0,0,0
TCGATACTTGCACA-1,0,0,0,3,1,4,3,6,3,0,0,3,3,3,1,0,5,5,0,0,4
TCGATTTGATGCCA-1,2,3,4,2,0,3,5,3,6,1,1,0,0,0,3,3,3,1,2,5,6
TCGATTTGCACTCC-1,0,0,0,3,1,2,1,1,8,0,0,3,3,3,1,0,4,4,0,0,4
TCGATTTGCAGCTA-1,0,4,5,0,7,8,6,8,5,0,4,4,4,4,4,1,1,0,3,3,3
TCGATTTGCCTACC-1,2,3,4,2,0,3,5,10,1,1,1,0,0,0,3,3,3,1,2,5,6
TCGATTTGTCGTGA-1,3,1,3,1,3,1,9,0,0,2,2,5,5,5,5,5,2,2,1,1,1
TCGCAGCTAGATCC-1,0,0,0,6,2,0,4,4,2,0,0,2,2,2,2,2,0,8,3,4,5
TCGCCATGAGACTC-1,0,0,0,3,1,2,1,1,9,0,0,3,3,3,1,0,4,4,0,0,7
TCGCCATGTGGTCA-1,3,1,3,1,3,1,9,0,0,2,2,5,5,5,5,5,2,2,1,1,1
TCGGACCTAACAGA-1,0,0,0,3,1,2,1,1,8,0,0,3,3,3,1,0,4,4,0,0,4
TCGGACCTATAAGG-1,3,1,3,1,3,1,9,0,0,2,2,5,5,5,5,5,2,2,1,1,1
TCGGACCTGTACAC-1,0,0,0,3,1,4,3,6,3,0,0,3,3,3,1,0,5,5,0,0,0
TCGGTAGAGTAGGG-1,0,0,0,3,1,2,1,1,8,0,0,3,3,3,1,0,4,4,0,0,4
TCGGTAGATCCCAC-1,3,1,3,1,3,1,9,0,0,2,2,5,5,5,5,5,2,2,1,1,1
TCGTAGGATCGACA-1,0,0,0,3,1,4,3,6,3,0,0,3,3,3,1,0,5,5,0,0,0
TCGTTATGGACAAA-1,0,0,0,3,1,2,3,6,3,0,0,3,3,3,1,0,4,4,0,0,8
TCTAACACCAGTTG-1,0,4,5,0,7,8,6,8,5,0,4,4,4,4,4,1,1,0,3,3,3
TCTAACACGAGCAG-1,2,3,2,4,5,5,0,5,10,1,1,0,0,7,7,7,7,7,4,6,9
TCTAACTGAACCAC-1,0,0,0,3,1,4,3,6,3,0,0,3,3,3,1,0,4,4,3,4,5
TCTAAGCTAATGCC-1,0,0,0,3,1,2,1,1,9,0,0,3,3,3,1,0,4,4,0,0,7
TCTAAGCTTAGTCG-1,0,4,5,6,2,0,4,2,2,0,0,2,2,2,2,2,0,11,3,4,5
TCTAAGCTTCTAGG-1,2,3,2,4,6,7,8,9,11,1,1,0,6,6,6,6,6,6,2,2,2
TCTAAGCTTGTTCT-1,2,3,4,2,0,3,5,3,6,1,1,0,0,0,3,3,3,1,2,5,6
TCTAAGCTTTCGCC-1,3,1,3,1,3,1,9,0,0,2,2,5,5,5,5,5,2,2,1,1,1
TCTACAACGACTAC-1,2,3,4,2,0,3,7,10,1,1,1,0,0,0,8,8,8,3,2,5,6
TCTAGACTTAGAAG-1,2,3,4,2,0,3,5,3,6,1,1,0,0,0,8,8,8,3,2,5,6
TCTAGTTGCACCAA-1,2,3,2,4,6,7,8,9,11,1,1,0,0,0,8,8,8,3,2,2,2
TCTATGTGAAGAGT-1,2,3,4,2,0,3,5,3,6,1,1,0,0,0,3,3,3,1,2,5,6
TCTATGTGAGTCTG-1,0,0,0,6,2,0,4,4,2,0,0,2,2,2,2,2,0,8,3,4,5
TCTCAAACCTAAGC-1,3,1,3,1,3,1,9,0,0,2,2,5,5,5,5,5,2,2,1,1,1
TCTCTAGAATTTCC-1,0,0,0,3,1,4,3,6,3,0,0,3,3,3,1,0,4,4,0,0,7
TCTGATACACGTGT-1,0,0,0,3,1,4,3,6,3,0,0,3,3,3,1,0,4,4,0,0,0
TCTGATACTCGCCT-1,0,0,0,3,1,2,1,1,9,0,0,3,3,3,1,0,4,4,0,0,8
TCTTACGAACCTGA-1,2,3,4,2,0,3,7,10,1,1,1,0,0,0,3,3,3,1,2,5,6
TCTTCAGAGCTACA-1,2,3,2,4,6,7,7,10,1,1,1,0,0,0,8,8,8,3,2,2,2
TCTTGATGCGGAGA-1,0,0,0,6,2,0,4,2,2,0,0,2,2,2,2,2,0,11,3,4,5
TGAAATTGGTGAGG-1,2,3,4,2,0,3,7,10,1,1,1,0,0,0,8,8,8,3,2,5,6
TGAACCGAAAACGA-1,0,0,0,3,1,2,1,1,9,0,0,3,3,3,1,0,4,4,0,0,8
TGAACCGACTACTT-1,2,3,2,4,6,7,8,9,11,1,1,0,6,6,6,6,6,6,2,2,2
TGAACCGATTCGGA-1,2,3,2,4,6,7,8,9,11,1,1,0,6,6,6,6,6,6,2,2,2
TGAAGCACTCACGA-1,0,0,0,6,2,0,4,4,2,0,0,3,3,3,1,0,5,5,3,4,5
TGAAGCTGAACGAA-1,0,0,0,3,1,2,1,1,9,0,0,3,3,3,1,0,5,5,0,0,8
TGAAGCTGCATGGT-1,3,1,3,1,3,1,9,0,0,2,2,5,5,5,5,5,2,2,1,1,1
TGAAGCTGCGTAAC-1,0,0,0,3,1,2,1,1,8,0,0,3,3,3,1,0,4,4,0,0,0
TGAATAACCACTTT-1,0,0,0,3,1,2,1,1,8,0,0,3,3,3,1,0,4,4,0,0,0
TGAATAACTCCCAC-1,0,4,5,6,2,0,4,2,2,0,0,2,2,2,2,2,0,11,3,4,5
TGACACGACCTTAT-1,3,1,3,1,3,1,9,0,0,2,2,5,5,5,5,5,2,2,1,1,1
TGACCAGACAACCA-1,0,0,0,3,1,2,1,1,9,0,0,3,3,3,1,0,5,5,0,0,8
TGACCAGAGGATTC-1,0,0,0,3,1,2,1,1,9,0,0,3,3,3,1,0,4,4,0,0,0
TGACCGCTAAAAGC-1,0,0,0,3,1,4,3,6,3,0,0,3,3,3,1,0,4,4,0,0,7
TGACCGCTCTGCAA-1,0,0,0,3,1,2,1,1,9,0,0,3,3,3,1,0,5,5,0,0,8
TGACGATGCAAAGA-1,2,3,4,2,0,3,5,3,6,1,1,0,0,0,3,3,3,1,2,5,6
TGACGCCTGTACCA-1,0,0,0,6,2,4,3,6,3,0,0,3,3,3,1,0,5,5,0,0,0
TGACGCCTTTACTC-1,0,0,0,3,1,4,3,6,3,0,0,3,3,3,1,0,5,5,0,0,7
TGACTGGAAGAGAT-1,2,3,4,2,0,3,5,3,6,1,1,0,0,0,3,3,3,1,2,5,6
TGACTGGACCGTAA-1,0,0,0,3,1,4,3,6,3,0,0,3,3,3,1,0,4,4,0,0,7
TGACTGGACGCAAT-1,0,0,0,3,1,2,1,1,9,0,0,3,3,3,1,0,4,4,0,0,8
TGACTGGAGGACAG-1,3,1,3,1,3,1,9,0,0,2,2,5,5,5,5,5,2,2,1,1,1
TGACTGGATTCTCA-1,0,0,0,3,1,4,3,6,3,0,0,3,3,3,1,0,5,5,3,0,0
TGACTTACACACCA-1,0,0,0,3,1,4,3,6,3,0,0,3,3,3,1,0,5,5,0,0,0
TGACTTACAGTCTG-1,2,3,4,2,0,3,7,10,1,1,1,0,0,0,8,8,8,3,2,5,6
TGACTTTGCGCATA-1,0,0,0,3,1,2,1,1,8,0,0,3,3,3,1,0,4,4,0,0,4
TGACTTTGTTTGTC-1,0,0,0,3,1,4,3,6,3,0,0,3,3,3,1,0,4,4,0,0,4
TGAGACACAAGGTA-1,0,0,0,6,2,4,3,6,3,0,0,3,3,3,1,0,5,5,0,0,0
TGAGACACTCAAGC-1,0,0,0,6,2,0,4,4,2,0,0,2,2,2,2,2,0,8,3,4,5
TGAGCTGAATGCTG-1,2,3,2,4,6,7,8,9,11,1,1,0,6,6,6,6,6,6,2,2,2
TGAGCTGACTGGAT-1,2,3,4,2,0,3,5,3,6,1,1,0,0,0,3,3,3,1,2,5,6
TGAGCTGATGCTAG-1,2,3,4,2,0,3,5,3,6,1,1,0,0,0,3,3,3,1,2,5,6
TGAGGACTCTCATT-1,2,3,4,2,0,3,7,10,1,1,1,0,0,0,8,8,8,3,2,5,6
TGAGGACTTCATTC-1,0,0,0,3,1,4,3,6,3,0,0,3,3,3,1,0,5,5,0,0,0
TGAGGTACGAACCT-1,2,3,2,4,6,7,8,9,11,1,1,0,6,6,6,6,6,6,2,2,2
TGAGTCGAGTTACG-1,3,1,3,1,3,1,9,0,0,2,2,5,5,5,5,5,2,2,1,1,1
TGAGTGACTGAGCT-1,0,0,0,3,1,2,1,1,8,0,0,3,3,3,1,0,4,4,0,0,8
TGATAAACGAATCC-1,0,0,0,3,1,4,3,6,3,0,0,3,3,3,1,0,5,5,0,0,0
TGATAAACTCCGTC-1,0,4,5,0,7,8,6,8,5,0,4,4,4,4,4,1,1,0,3,3,3
TGATAAACTTTCAC-1,0,0,0,3,1,2,1,1,9,0,0,3,3,3,1,0,4,4,0,0,0
TGATACCTCACTAG-1,2,3,4,2,0,3,5,3,6,1,1,0,0,0,3,3,3,1,2,5,6
TGATACCTGTTGGT-1,0,0,0,3,1,2,1,1,9,0,0,3,3,3,1,0,5,5,0,0,7
TGATACCTTATGCG-1,0,0,0,3,1,2,1,1,9,0,0,3,3,3,1,0,4,4,0,0,8
TGATACCTTGAAGA-1,0,0,0,3,1,4,3,6,8,0,0,3,3,3,1,0,4,4,0,0,0
TGATATGAACCTTT-1,0,0,0,3,1,2,1,1,8,0,0,3,3,3,1,0,4,4,0,0,0
TGATCACTAGCATC-1,0,0,0,6,2,0,4,4,2,0,0,2,2,2,2,2,0,8,3,4,5
TGATCACTCTCGCT-1,0,0,0,3,1,2,1,1,8,0,0,3,3,3,1,0,4,4,0,0,0
TGATCACTTCTACT-1,3,1,3,1,3,1,9,0,0,2,2,5,5,5,5,5,2,2,1,1,1
TGATCGGACTGACA-1,2,3,2,4,6,7,8,9,11,1,1,0,6,6,6,6,6,6,2,2,2
TGATCGGAGGAGCA-1,3,1,3,1,3,1,9,0,0,2,2,5,5,5,5,5,2,2,1,1,1
TGATCGGATATGCG-1,2,3,4,2,0,3,5,3,6,1,1,0,0,0,3,3,3,1,2,5,6
TGATTAGACATTGG-1,0,0,0,3,1,4,3,6,3,0,0,3,3,3,1,0,5,5,0,0,7
TGATTAGATGACTG-1,3,1,3,1,3,1,9,0,0,2,2,5,5,5,5,5,2,2,1,1,1
TGATTAGATGCTAG-1,0,0,0,3,1,2,1,1,8,0,0,3,3,3,1,0,4,4,0,0,0
TGATTCACTATGCG-1,0,0,0,3,1,2,1,1,9,0,0,3,3,3,1,0,4,4,0,0,8
TGATTCACTGTCAG-1,3,1,3,1,3,1,9,0,0,2,2,5,5,5,5,5,2,2,1,1,1
TGATTCTGCCGAAT-1,0,0,0,3,1,4,3,6,3,0,0,3,3,3,1,0,5,5,0,0,0
TGATTCTGCTCTTA-1,0,0,0,3,1,4,3,6,8,0,0,3,3,3,1,0,4,4,0,0,0
TGCAAGTGAGAACA-1,0,0,0,3,1,4,3,6,3,0,0,3,3,3,1,0,5,5,0,0,0
TGCAAGTGGGTAGG-1,2,3,4,2,0,3,5,3,6,1,1,0,0,0,3,3,3,1,2,5,6
TGCAATCTTCAGGT-1,2,3,2,4,5,5,0,5,10,1,1,0,0,7,7,7,7,7,4,6,9
TGCACAGACGACAT-1,0,4,5,0,7,8,6,8,5,0,4,4,4,4,4,1,1,0,3,3,3
TGCCAAGAGCAGTT-1,2,3,2,4,6,7,8,9,11,1,1,0,0,0,3,3,3,1,2,5,6
TGCCAAGATCTCTA-1,0,0,0,3,1,4,3,6,3,0,0,3,3,3,1,0,4,4,0,0,0
TGCCACTGAACGTC-1,0,0,0,3,1,4,3,6,3,0,0,3,3,3,1,0,4,4,0,0,0
TGCCACTGCGATAC-1,0,4,5,0,7,8,6,8,5,0,4,4,4,4,4,1,1,0,3,3,3
TGCCAGCTTGGCAT-1,0,0,0,3,1,2,1,1,9,0,0,3,3,3,1,0,4,4,0,0,7
TGCCCAACAGCAAA-1,0,0,0,3,1,2,3,1,9,0,0,3,3,3,1,0,4,4,0,0,7
TGCCCAACCGCATA-1,2,3,2,4,6,7,8,9,11,1,1,0,6,6,6,6,6,6,2,2,2
TGCCGACTCTCCCA-1,3,1,3,1,3,1,9,0,0,2,2,5,5,5,5,5,2,2,1,1,1
TGCGAAACAGTCAC-1,3,1,3,1,3,1,9,0,0,2,2,5,5,5,5,5,2,2,1,1,1
TGCGAAACGTTGCA-1,3,1,3,1,3,1,9,0,0,2,2,5,5,5,5,5,2,2,1,1,1
TGCGATGAACGGTT-1,0,0,0,3,1,2,1,1,9,0,0,3,3,3,1,0,4,4,0,0,0
TGCGATGACCTCGT-1,0,0,0,3,1,2,3,1,8,0,0,3,3,3,1,0,4,4,0,0,8
TGCGATGACTAGTG-1,3,1,3,1,3,1,9,0,0,2,2,5,5,5,5,5,2,2,1,1,1
TGCGATGACTGCTC-1,3,1,3,1,3,1,9,0,0,2,2,5,5,5,5,5,2,2,1,1,1
TGCGATGACTTGCC-1,3,1,3,1,3,1,9,0,0,2,2,5,5,5,5,5,2,2,1,1,1
TGCGATGAGTGCTA-1,2,3,4,2,0,3,7,10,1,1,1,0,0,0,8,8,8,3,2,5,6
TGCGCACTCTTGAG-1,2,3,4,2,0,3,5,3,6,1,1,0,0,0,3,3,3,1,2,5,6
TGCGTAGAATAAGG-1,2,3,4,2,0,3,5,3,6,1,1,0,0,0,3,3,3,1,2,5,6
TGCGTAGACGGGAA-1,3,1,3,1,3,1,9,0,0,2,2,5,5,5,5,5,2,2,1,1,1
TGCGTAGATGGTCA-1,2,3,2,4,6,7,8,9,11,1,1,0,6,6,6,6,6,6,2,2,2
TGCTAGGAAACCGT-1,0,0,0,6,2,0,4,4,2,0,0,2,2,2,2,2,0,8,3,4,5
TGCTAGGATAGTCG-1,0,0,0,3,1,2,1,1,9,0,0,3,3,3,1,0,4,4,0,0,8
TGCTATACGGTTCA-1,2,3,4,2,0,3,5,3,6,1,1,0,0,7,7,7,7,7,2,5,6
TGCTATACTGCTGA-1,0,0,0,6,2,0,4,4,2,0,0,2,2,2,2,2,0,8,3,4,5
TGCTGAGAGAGCAG-1,0,4,5,0,7,8,6,8,5,0,4,4,4,4,4,1,1,0,3,3,3
TGCTGAGATTATCC-1,0,0,0,3,1,2,1,1,8,0,0,3,3,3,1,0,4,4,0,0,4
TGGAAAGACTCTCG-1,3,1,3,1,3,1,9,0,0,2,2,5,5,5,5,5,2,2,1,1,1
TGGAAAGAGCGATT-1,0,0,0,3,1,4,3,6,3,0,0,3,3,3,1,0,5,5,0,0,0
TGGAAAGAGGTCAT-1,2,3,2,4,6,7,8,9,11,1,1,0,6,6,6,6,6,6,2,2,2
TGGAAAGATATGGC-1,0,0,0,3,1,2,1,1,9,0,0,3,3,3,1,0,4,4,0,0,8
TGGAACACAAACAG-1,0,4,5,0,7,8,6,8,5,0,0,3,3,3,1,0,5,5,3,3,3
TGGAACACGCTAAC-1,0,0,0,6,2,0,4,4,2,0,0,2,2,2,2,2,0,8,3,4,0
TGGAAGCTCAGATC-1,0,0,0,3,1,2,1,1,8,0,0,3,3,3,1,0,4,4,0,0,0
TGGACCCTACACTG-1,2,3,4,2,0,3,5,3,6,1,1,0,0,0,3,3,3,1,2,5,6
TGGACCCTCATGGT-1,0,0,0,6,2,0,4,4,2,0,0,3,3,3,1,0,5,5,3,4,5
TGGACCCTGGTACT-1,2,3,2,4,6,7,7,10,1,1,1,0,0,0,8,8,8,3,2,2,2
TGGACTGAGTATGC-1,0,0,0,3,1,4,3,6,3,0,0,3,3,3,1,0,5,5,0,0,0
TGGAGACTATCAGC-1,2,3,4,2,0,3,7,10,1,1,1,0,0,0,3,3,3,1,2,5,6
TGGAGACTTCAAGC-1,0,0,0,3,1,2,1,1,9,0,0,3,3,3,1,0,4,4,0,0,0
TGGAGACTTGACCA-1,0,0,0,6,2,0,4,2,2,0,0,2,2,2,2,2,0,11,3,4,5
TGGAGGGACGGAGA-1,2,3,4,2,0,3,7,10,1,1,1,0,0,0,8,8,8,3,2,5,6
TGGAGGGAGCTATG-1,0,0,0,3,1,2,1,1,9,0,0,2,2,2,2,2,0,8,0,0,7
TGGATCGATAAAGG-1,0,0,0,3,1,4,3,6,8,0,0,3,3,3,1,0,5,5,0,0,4
TGGATGTGACCTAG-1,3,1,3,1,3,1,9,0,0,2,2,5,5,5,5,5,2,2,1,1,1
TGGATGTGTGAAGA-1,3,1,3,1,3,1,9,0,0,2,2,5,5,5,5,5,2,2,1,1,1
TGGATTCTCATACG-1,0,0,0,6,2,0,4,4,2,0,0,2,2,2,2,2,0,8,3,4,5
TGGCAATGCTTGTT-1,3,1,3,1,3,1,9,0,0,2,2,5,5,5,5,5,2,2,1,1,1
TGGCACCTTCACGA-1,0,0,0,3,1,2,1,1,9,0,0,2,2,2,2,2,0,8,0,0,8
TGGCACCTTCAGTG-1,2,3,4,2,0,3,7,10,1,1,1,0,0,0,8,8,8,3,2,5,6
TGGGTATGAAGAGT-1,0,0,0,3,1,4,3,6,3,0,0,3,3,3,1,0,5,5,0,0,0
TGGGTATGCACAAC-1,0,0,0,3,1,4,3,6,3,0,0,3,3,3,1,0,5,5,0,0,0
TGGGTATGGTACGT-1,3,1,3,1,3,1,9,0,0,2,2,5,5,5,5,5,2,2,1,1,1
TGGGTATGTTTGGG-1,2,3,4,2,0,3,5,3,6,1,1,0,0,0,3,3,3,1,2,5,6
TGGTAGACATGCCA-1,0,0,0,3,1,2,3,6,8,0,0,3,3,3,1,0,4,4,0,0,0
TGGTAGACCCTCAC-1,0,4,5,0,7,8,6,8,5,0,4,4,4,4,4,1,1,0,3,3,3
TGGTAGACCTGATG-1,0,0,0,3,1,4,3,6,3,0,0,3,3,3,1,0,5,5,0,0,0
TGGTAGTGCACTGA-1,2,3,4,2,0,3,5,3,6,1,1,0,0,0,3,3,3,1,2,5,6
TGGTATCTAAACAG-1,0,0,0,3,1,2,1,1,9,0,0,3,3,3,1,0,4,4,0,0,4
TGGTATCTCTTCCG-1,0,0,0,3,1,2,1,1,8,0,0,3,3,3,1,0,4,4,0,0,8
TGGTCAGACCCAAA-1,0,0,0,3,1,2,1,1,8,0,0,3,3,3,1,0,5,5,0,0,8
TGGTTACTGACGTT-1,2,3,4,2,0,3,7,10,1,1,1,0,0,0,8,8,8,3,2,5,6
TGGTTACTGTTCTT-1,0,0,0,3,1,2,1,1,8,0,0,3,3,3,1,0,4,4,0,0,0
TGTAACCTAGAGGC-1,0,0,0,3,1,2,3,6,3,0,0,3,3,3,1,0,4,4,0,0,8
TGTAACCTTGCCTC-1,2,3,4,2,0,3,7,10,1,1,1,0,0,0,8,8,8,3,2,5,6
TGTAATGACACAAC-1,0,4,5,0,7,8,6,8,5,0,4,4,4,4,4,1,1,0,3,3,3
TGTAATGAGGTAAA-1,0,4,5,0,7,8,6,8,5,0,4,4,4,4,4,1,1,0,3,3,3
TGTACTTGCTCTAT-1,2,3,2,4,6,7,8,9,11,1,1,0,6,6,6,6,6,6,2,2,2
TGTAGGTGCGAGAG-1,3,1,3,1,3,1,9,0,0,2,2,5,5,5,5,5,2,2,1,1,1
TGTAGGTGCTATGG-1,0,0,0,3,1,4,3,6,3,0,0,3,3,3,1,0,4,4,0,0,0
TGTAGGTGCTCTAT-1,2,3,2,4,5,5,0,5,10,1,1,0,0,7,7,7,7,7,4,6,9
TGTAGGTGTGCTGA-1,0,0,0,3,1,4,3,6,8,0,0,3,3,3,1,0,5,5,0,0,4
TGTAGTCTTCCAGA-1,0,0,0,3,1,4,3,6,8,0,0,3,3,3,1,0,5,5,0,0,0
TGTAGTCTTGCACA-1,0,0,0,6,2,0,4,4,2,0,0,2,2,2,2,2,0,8,3,4,5
TGTATCTGTTAGGC-1,0,0,0,3,1,4,3,6,8,0,0,3,3,3,1,0,4,4,0,0,7
TGTATGCTCATGGT-1,3,1,3,1,3,1,9,0,0,2,2,5,5,5,5,5,2,2,1,1,1
TGTATGCTGTAGGG-1,0,0,0,3,1,2,1,1,9,0,0,3,3,3,1,0,4,4,0,0,8
TGTATGCTTTCATC-1,0,0,0,3,1,2,1,1,9,0,0,3,3,3,1,0,4,4,0,4,0
TGTCAGGAATACCG-1,0,0,0,3,1,2,1,1,8,0,0,3,3,3,1,0,4,4,0,0,7
TGTCAGGAGATGAA-1,2,3,2,4,6,7,8,9,11,1,1,0,0,0,3,3,3,1,2,2,2
TGTCTAACCCCTTG-1,0,0,0,3,1,2,1,1,9,0,0,3,3,3,1,0,4,4,0,0,8
TGTGACGATTCTCA-1,0,0,0,6,2,0,4,2,2,0,0,2,2,2,2,2,0,11,3,4,5
TGTGAGACTGTCAG-1,2,3,2,4,6,7,8,9,11,1,1,0,6,6,6,6,6,6,2,2,2
TGTGAGACTTGAGC-1,0,0,0,3,1,2,3,1,3,0,0,3,3,3,1,0,4,4,0,0,0
TGTGAGTGACCACA-1,0,0,0,3,1,2,1,1,9,0,0,3,3,3,1,0,4,4,0,0,8
TGTGAGTGAGTGCT-1,2,3,2,4,6,7,8,9,11,1,1,0,6,6,6,6,6,6,2,2,2
TGTGAGTGGAGATA-1,0,0,0,6,2,0,4,2,2,0,0,2,2,2,2,2,0,11,3,4,5
TGTGATCTCTCTAT-1,3,1,3,1,3,1,9,0,0,2,2,5,5,5,5,5,2,2,1,1,1
TGTGATCTGACACT-1,0,0,0,3,1,2,1,1,9,0,0,2,2,2,2,2,0,8,0,0,8
TGTGGATGGCCAAT-1,3,1,3,1,3,1,9,0,0,2,2,5,5,5,5,5,2,2,1,1,1
TGTTAAGACAAAGA-1,2,3,4,2,0,3,5,3,6,1,1,0,0,0,3,3,3,1,2,5,6
TGTTAAGATAAGGA-1,2,3,4,2,0,3,7,10,1,1,1,0,0,0,8,8,8,3,2,5,6
TGTTACACCGCATA-1,2,3,2,4,6,7,8,9,11,1,1,0,6,6,6,6,6,6,2,2,2
TGTTACACGACTAC-1,2,3,2,4,6,7,8,9,11,1,1,0,0,0,3,3,3,1,2,5,6
TGTTACTGGCTACA-1,0,0,0,6,2,0,4,4,2,0,0,2,2,2,2,2,0,8,3,4,5
TGTTACTGTAGTCG-1,0,4,5,6,2,0,4,2,2,0,0,2,2,2,2,2,0,11,3,4,5
TTAACCACCGTAAC-1,0,0,0,3,1,2,1,1,8,0,0,3,3,3,1,0,4,4,0,0,0
TTAACCACTAAGGA-1,0,4,5,6,2,0,4,2,2,0,0,2,2,2,2,2,0,11,3,4,5
TTAACCACTCAGAC-1,0,0,0,6,2,0,4,4,2,0,0,2,2,2,2,2,0,8,3,4,5
TTACACACGTGTTG-1,0,0,0,3,1,2,1,1,9,0,0,3,3,3,1,0,4,4,0,0,0
TTACACACTCCTAT-1,0,0,0,3,1,2,1,1,9,0,0,3,3,3,1,0,4,4,0,0,8
TTACCATGAATCGC-1,2,3,4,2,0,3,7,10,1,1,1,0,0,0,8,8,8,3,2,5,6
TTACCATGGTTGAC-1,0,0,0,3,1,4,3,6,8,0,0,3,3,3,1,0,5,5,0,0,0
TTACCATGTGTCTT-1,0,0,0,6,2,0,4,4,2,0,0,2,2,2,2,2,0,8,0,0,8
TTACCATGTTGTGG-1,3,1,3,1,3,1,9,0,0,2,2,5,5,5,5,5,2,2,1,1,1
TTACGACTGAGAGC-1,0,0,0,3,1,4,3,6,3,0,0,3,3,3,1,0,5,5,0,0,0
TTACGACTTGACAC-1,2,3,4,2,0,3,5,3,6,1,1,0,0,0,3,3,3,1,2,5,6
TTACGTACGTTCAG-1,1,2,1,5,4,6,2,7,7,3,3,1,1,1,0,9,9,9,5,7,10
TTACTCGAAGAATG-1,2,3,4,2,0,3,7,10,1,1,1,0,0,0,3,3,3,1,2,5,6
TTACTCGACGCAAT-1,2,3,2,4,5,5,0,5,10,1,1,0,0,7,7,7,7,7,4,6,9
TTACTCGAGGGTGA-1,0,0,0,3,1,2,3,6,8,0,0,3,3,3,1,0,5,5,0,0,4
TTACTCGATCTACT-1,0,4,5,0,7,8,6,8,5,0,4,4,4,4,4,1,1,0,3,3,3
TTAGAATGTGGTGT-1,0,0,0,3,1,2,1,1,9,0,0,3,3,3,1,0,4,4,0,0,8
TTAGAATGTGTAGC-1,0,0,0,3,1,2,1,1,9,0,0,3,3,3,1,0,4,4,0,0,8
TTAGACCTCCTACC-1,0,0,0,3,1,2,1,1,8,0,0,3,3,3,1,0,4,4,0,0,0
TTAGACCTCCTTTA-1,2,3,4,2,0,3,5,3,6,1,1,0,0,0,3,3,3,1,2,5,6
TTAGCTACAACCGT-1,0,0,0,3,1,2,1,1,9,0,0,3,3,3,1,0,4,4,0,0,8
TTAGCTACTGTCCC-1,2,3,2,4,6,7,8,9,11,1,1,0,0,0,8,8,8,3,2,2,2
TTAGCTACTTTCGT-1,0,0,0,3,1,4,3,6,3,0,0,3,3,3,1,0,5,5,0,0,0
TTAGGGACGCGAAG-1,0,0,0,6,2,0,4,4,2,0,0,2,2,2,2,2,0,8,3,4,5
TTAGGGTGCTGGAT-1,3,1,3,1,3,1,9,0,0,2,2,5,5,5,5,5,2,2,1,1,1
TTAGGGTGTCCTGC-1,2,3,2,4,6,7,7,10,1,1,1,0,0,0,8,8,8,3,2,2,2
TTAGGTCTACTTTC-1,2,3,4,2,0,3,5,3,6,1,1,0,0,0,3,3,3,1,2,5,6
TTAGTCACCAGTTG-1,0,0,0,3,1,4,3,6,3,0,0,3,3,3,1,0,5,5,0,0,0
TTAGTCTGAAAGCA-1,3,1,3,1,3,1,9,0,0,2,2,5,5,5,5,5,2,2,1,1,1
TTAGTCTGCCAACA-1,0,4,5,0,7,8,6,8,5,0,4,4,4,4,4,1,1,0,3,3,3
TTAGTCTGTGCACA-1,0,0,0,3,1,2,1,1,9,0,0,3,3,3,1,0,4,4,0,0,4
TTATCCGACTAGTG-1,3,1,3,1,3,1,9,0,0,2,2,5,5,5,5,5,2,2,1,1,1
TTATCCGAGAAAGT-1,2,3,2,4,6,7,7,9,11,1,1,0,0,0,8,8,8,3,2,2,2
TTATGAGAGATAAG-1,0,0,0,3,1,2,1,1,9,0,0,3,3,3,1,0,4,4,0,0,8
TTATGCACGTCACA-1,3,1,3,1,3,1,9,0,0,2,2,5,5,5,5,5,2,2,1,1,1
TTATGGCTTATGGC-1,2,3,2,4,5,5,0,5,10,1,1,0,0,7,7,7,7,7,4,6,9
TTATTCCTATGCTG-1,2,3,4,2,0,3,7,10,1,1,1,0,0,0,8,8,8,3,2,5,6
TTATTCCTGGACAG-1,3,1,3,1,3,1,9,0,0,2,2,5,5,5,5,5,2,2,1,1,1
TTATTCCTGGTACT-1,3,1,3,1,3,1,9,0,0,2,2,5,5,5,5,5,2,2,1,1,1
TTATTCCTTCGTGA-1,0,0,0,3,1,4,3,6,3,0,0,3,3,3,1,0,5,5,0,0,4
TTCAAAGATAAAGG-1,0,0,0,6,2,0,4,4,2,0,0,2,2,2,2,2,0,8,3,4,5
TTCAACACAACAGA-1,0,0,0,3,1,2,1,1,8,0,0,3,3,3,1,0,4,4,0,0,8
TTCAACACCCCAAA-1,2,3,4,2,0,3,5,3,6,1,1,0,0,0,3,3,3,1,2,5,6
TTCAACACGGACGA-1,2,3,2,4,6,7,8,9,11,1,1,0,0,0,8,8,8,3,2,2,2
TTCAAGCTAAGAAC-1,2,3,4,2,0,3,7,10,1,1,1,0,0,0,8,8,8,3,2,5,6
TTCAAGCTAGATGA-1,0,0,0,3,1,4,3,6,3,0,0,3,3,3,1,0,5,5,0,0,0
TTCAAGCTGTTGAC-1,0,0,0,3,1,4,3,4,3,0,0,2,2,2,2,2,0,8,0,0,0
TTCAAGCTTGATGC-1,0,0,0,3,1,2,1,1,8,0,0,3,3,3,1,0,4,4,0,0,4
TTCAAGCTTTCGCC-1,0,0,0,3,1,2,1,1,8,0,0,3,3,3,1,0,4,4,0,0,8
TTCACAACCCGTTC-1,2,3,4,2,0,3,7,10,1,1,1,0,0,0,8,8,8,3,2,5,6
TTCACAACGTCTGA-1,2,3,0,3,1,2,5,3,6,1,1,0,0,0,3,3,3,1,2,5,6
TTCAGACTACCCAA-1,0,0,0,3,1,2,1,1,9,0,0,3,3,3,1,0,4,4,0,0,8
TTCAGACTCTCGAA-1,0,0,0,3,1,4,3,6,3,0,0,3,3,3,1,0,4,4,0,0,0
TTCAGTACCGACTA-1,0,0,0,3,1,4,3,6,8,0,0,3,3,3,1,0,4,4,0,0,0
TTCAGTACTCAAGC-1,0,0,0,3,1,4,3,6,8,0,0,3,3,3,1,0,5,5,0,0,0
TTCAGTACTCCTAT-1,2,3,4,2,0,3,5,3,6,1,1,0,0,0,3,3,3,1,2,5,6
TTCAGTTGCCAAGT-1,0,0,0,3,1,2,1,1,8,0,0,3,3,3,1,0,5,5,0,0,4
TTCAGTTGTCCTTA-1,2,3,4,2,5,5,0,5,10,1,1,0,0,7,7,7,7,7,4,6,9
TTCAGTTGTCTAGG-1,0,0,0,3,1,2,1,1,9,0,0,3,3,3,1,0,4,4,0,0,8
TTCAGTTGTCTCGC-1,3,1,3,1,3,1,9,0,0,2,2,5,5,5,5,5,2,2,1,1,1
TTCATCGAGGTGGA-1,2,3,4,2,0,3,5,3,6,1,1,0,0,0,3,3,3,1,2,5,6
TTCATGTGTGGTGT-1,0,0,0,3,1,4,3,6,3,0,0,3,3,3,1,0,5,5,0,0,0
TTCATTCTATGTCG-1,2,3,4,2,0,3,7,10,1,1,1,0,0,0,8,8,8,3,2,6,9
TTCATTCTTCTCTA-1,0,0,0,3,1,2,1,1,9,0,0,3,3,3,1,0,4,4,0,0,8
TTCCAAACCTATGG-1,2,3,4,2,0,3,5,3,6,1,1,0,0,0,3,3,3,1,2,5,6
TTCCAAACCTCCCA-1,3,1,3,1,3,1,9,0,0,2,2,5,5,5,5,5,2,2,1,1,1
TTCCAAACTCCCAC-1,0,4,5,0,7,8,6,8,5,0,4,4,4,4,4,1,1,0,3,3,3
TTCCAAACTTGACG-1,0,4,5,6,2,0,4,2,2,0,0,2,2,2,2,2,0,8,3,4,5
TTCCATGACGAGAG-1,2,3,4,2,0,3,5,3,6,1,1,0,0,0,3,3,3,1,2,5,6
TTCCATGACTGTCC-1,0,0,0,3,1,2,1,1,9,0,0,3,3,3,1,0,4,4,0,0,8
TTCCCACTTGAGGG-1,0,4,5,0,7,8,6,8,5,0,4,4,4,4,4,1,1,0,3,3,3
TTCCCACTTGTCTT-1,2,3,4,2,0,3,7,10,1,1,1,0,0,0,8,8,8,3,2,5,6
TTCCTAGAAAGTGA-1,0,0,0,3,1,2,1,1,9,0,0,3,3,3,1,0,4,4,0,0,4
TTCCTAGACTAGTG-1,2,3,2,4,6,7,8,9,11,1,1,0,6,6,6,6,6,6,2,2,2
TTCGAGGACTCTAT-1,0,0,0,3,1,4,3,6,8,0,0,3,3,3,1,0,4,4,0,0,4
TTCGAGGAGGGCAA-1,0,0,0,3,1,4,3,6,3,0,0,3,3,3,1,0,5,5,0,0,0
TTCGAGGATAGAAG-1,2,3,2,4,6,7,8,9,11,1,1,0,6,6,6,6,6,6,2,5,6
TTCGATTGAGCATC-1,0,0,0,3,1,2,1,1,9,0,0,3,3,3,1,0,4,4,0,0,0
TTCGGAGAATGCCA-1,2,3,4,2,0,3,5,3,6,1,1,0,0,0,3,3,3,1,2,5,6
TTCGGAGATGTGCA-1,0,0,0,3,1,4,3,6,3,0,0,3,3,3,1,0,4,4,0,0,0
TTCGTATGAAAAGC-1,0,4,5,6,2,0,4,2,2,0,0,2,2,2,2,2,0,11,3,4,5
TTCGTATGGATAGA-1,0,4,5,6,2,0,4,2,2,0,0,2,2,2,2,2,0,11,3,4,5
TTCGTATGGTCTGA-1,0,0,0,3,1,4,3,6,3,0,0,3,3,3,1,0,5,5,0,0,4
TTCGTATGTCCTTA-1,2,3,2,4,6,7,7,10,1,1,1,0,0,0,8,8,8,3,2,2,2
TTCTACGAACGTAC-1,0,0,0,3,1,4,3,6,3,0,0,3,3,3,1,0,4,4,0,0,7
TTCTACGAGTTGGT-1,0,0,0,3,1,4,3,6,3,0,0,3,3,3,1,0,5,5,0,0,7
TTCTAGTGACACGT-1,0,0,0,3,1,4,3,6,3,0,0,3,3,3,1,0,5,5,0,0,0
TTCTAGTGCATGAC-1,2,3,4,2,0,3,5,3,6,1,1,0,0,0,3,3,3,1,2,5,6
TTCTAGTGGAGAGC-1,0,4,5,0,7,8,6,8,5,0,4,4,4,4,4,1,1,0,3,3,3
TTCTAGTGGTCACA-1,2,3,2,4,6,7,7,9,1,1,1,0,0,0,8,8,8,3,2,2,2
TTCTCAGAAGAGAT-1,0,0,0,3,1,4,3,6,3,0,0,3,3,3,1,0,5,5,0,0,4
TTCTCAGAAGCATC-1,3,1,3,1,3,1,9,0,0,2,2,5,5,5,5,5,2,2,1,1,1
TTCTCAGATGGAGG-1,0,0,0,3,1,4,3,6,3,0,0,3,3,3,1,0,5,5,0,0,0
TTCTGATGGAGACG-1,0,4,5,0,7,8,6,8,5,0,4,4,4,4,4,1,1,0,3,3,3
TTCTTACTCTGGAT-1,2,3,2,4,6,7,8,9,11,1,1,0,0,0,3,3,3,1,2,5,6
TTGAACCTCCTTGC-1,3,1,3,1,3,1,9,0,0,2,2,5,5,5,5,5,2,2,1,1,1
TTGAATGAACTACG-1,2,3,2,4,6,7,8,9,11,1,1,0,6,6,6,6,6,6,2,2,2
TTGAATGACTTACT-1,0,0,0,3,1,2,1,1,9,0,0,3,3,3,1,0,4,4,0,0,8
TTGAATGATCTCAT-1,3,1,3,1,3,1,9,0,0,2,2,5,5,5,5,5,2,2,1,1,1
TTGACACTCTGTAG-1,0,0,0,3,1,4,3,6,8,0,0,3,3,3,1,0,4,4,0,0,4
TTGACACTGATAAG-1,3,1,3,1,3,1,9,0,0,2,2,5,5,5,5,5,2,2,1,1,1
TTGAGGACAGAACA-1,2,3,4,2,0,3,7,10,1,1,1,0,0,0,3,3,3,1,2,5,6
TTGAGGACTACGCA-1,2,3,2,4,5,5,0,5,10,1,1,0,0,7,7,7,7,7,4,6,9
TTGAGGTGGACGGA-1,0,0,0,3,1,2,1,1,9,0,0,3,3,3,1,0,4,4,0,4,0
TTGCATTGAGCTAC-1,0,0,0,6,2,0,4,2,2,0,0,2,2,2,2,2,0,11,3,4,5
TTGCATTGCTAAGC-1,2,3,4,2,0,3,7,10,1,1,1,0,0,0,3,3,3,1,2,5,6
TTGCATTGTGACTG-1,0,0,0,3,1,2,1,1,9,0,0,3,3,3,1,0,4,4,0,0,8
TTGCTAACACCAAC-1,0,0,0,6,2,0,4,4,2,0,0,2,2,2,2,2,0,8,3,4,5
TTGCTAACACGCTA-1,2,3,2,4,6,7,8,9,11,1,1,0,6,6,6,6,6,6,2,2,2
TTGCTAACCACTCC-1,0,0,0,3,1,2,1,1,9,0,0,3,3,3,1,0,4,4,0,0,4
TTGCTATGGTACGT-1,2,3,4,2,0,3,7,10,1,1,1,0,0,0,8,8,8,3,2,5,6
TTGCTATGGTAGGG-1,2,3,2,4,6,7,8,9,11,1,1,0,6,6,6,6,6,6,2,2,2
TTGGAGACCAATCG-1,0,0,0,3,1,4,3,6,3,0,0,3,3,3,1,0,5,5,0,0,0
TTGGAGACGCTATG-1,2,3,4,2,0,3,5,3,6,1,1,0,0,0,3,3,3,1,2,5,6
TTGGAGACTATGGC-1,3,1,3,1,3,1,9,0,0,2,2,5,5,5,5,5,2,2,1,1,1
TTGGGAACTGAACC-1,0,0,0,3,1,2,1,1,8,0,0,3,3,3,1,0,4,4,0,0,0
TTGGTACTACTGGT-1,2,3,2,4,6,7,8,9,11,1,1,0,0,0,8,8,8,3,2,2,2
TTGGTACTCTTAGG-1,0,0,0,3,1,2,1,1,9,0,0,3,3,3,1,0,4,4,0,0,8
TTGGTACTGAATCC-1,3,1,3,1,3,1,9,0,0,2,2,5,5,5,5,5,2,2,1,1,1
TTGGTACTGGATTC-1,3,1,3,1,3,1,9,0,0,2,2,5,5,5,5,5,2,2,1,1,1
TTGTACACGTTGTG-1,3,1,3,1,3,1,9,0,0,2,2,5,5,5,5,5,2,2,1,1,1
TTGTACACTTGCAG-1,0,0,0,3,1,2,3,1,3,0,0,3,3,3,1,0,4,4,0,0,0
TTGTAGCTAGCTCA-1,0,0,0,3,1,4,3,6,3,0,0,3,3,3,1,0,5,5,0,0,0
TTGTAGCTCTCTTA-1,3,1,3,1,3,1,9,0,0,2,2,5,5,5,5,5,2,2,1,1,1
TTGTCATGGACGGA-1,0,4,5,0,7,8,6,8,5,0,4,4,4,4,4,1,1,0,3,3,3
TTTAGAGATCCTCG-1,3,1,3,1,3,1,9,0,0,2,2,5,5,5,5,5,2,2,1,1,1
TTTAGCTGATACCG-1,0,0,0,3,1,2,1,1,8,0,0,3,3,3,1,0,4,4,0,0,0
TTTAGCTGGATACC-1,2,3,4,2,0,3,7,10,1,1,1,0,0,0,8,8,8,3,2,5,6
TTTAGCTGTACTCT-1,2,3,2,4,5,5,0,5,10,1,1,0,0,7,7,7,7,7,4,6,9
TTTAGGCTCCTTTA-1,2,3,4,2,0,3,5,3,6,1,1,0,0,0,3,3,3,1,2,5,6
TTTATCCTGTTGTG-1,2,3,2,4,6,7,8,9,11,1,1,0,6,6,6,6,6,6,2,2,2
TTTCACGAGGTTCA-1,0,0,0,3,1,2,1,1,8,0,0,3,3,3,1,0,4,4,0,0,4
TTTCAGTGGAAGGC-1,0,0,0,6,2,0,4,4,2,0,0,2,2,2,2,2,0,8,3,4,5
TTTCAGTGTCACGA-1,3,1,3,1,3,1,9,0,0,2,2,5,5,5,5,5,2,2,1,1,1
TTTCAGTGTCTATC-1,2,3,4,2,0,3,5,3,6,1,1,0,0,0,3,3,3,1,2,5,6
TTTCAGTGTGCAGT-1,3,1,3,1,3,1,9,0,0,2,2,5,5,5,5,5,2,2,1,1,1
TTTCCAGAGGTGAG-1,0,0,0,3,1,4,3,6,3,0,0,3,3,3,1,0,4,4,0,0,7
TTTCGAACACCTGA-1,3,1,2,4,5,5,0,5,10,1,1,0,0,7,7,7,7,7,4,6,9
TTTCGAACTCTCAT-1,2,3,4,2,5,5,7,10,1,1,1,0,0,7,7,7,7,7,2,6,9
TTTCTACTGAGGCA-1,3,1,3,1,3,1,9,0,0,2,2,5,5,5,5,5,2,2,1,1,1
TTTCTACTTCCTCG-1,3,1,3,1,3,1,9,0,0,2,2,5,5,5,5,5,2,2,1,1,1
TTTGCATGAGAGGC-1,3,1,3,1,3,1,9,0,0,2,2,5,5,5,5,5,2,2,1,1,1
TTTGCATGCCTCAC-1,0,0,0,3,1,2,1,1,9,0,0,3,3,3,1,0,4,4,0,0,0
